Date,t-1,t,movement
2015-01-02,5816333403.0,100.58,0
2015-01-05,6827386392.22,100.59,1
2015-01-06,6987079877.610001,102.01,1
2015-01-07,4317524285.2,105.93,1
2015-01-08,6639611999.13,106.04,1
2015-01-09,6013834219.360001,103.42,0
2015-01-12,5421407019.46,104.35,1
2015-01-13,7393559177.099999,103.95,0
2015-01-14,5369331740.85,101.12,0
2015-01-15,6399239249.92,100.32,0
2015-01-16,8319088467.36,102.9,1
2015-01-20,8951915256.9,103.72,1
2015-01-21,6015296475.32,106.39,1
2015-01-22,8599497422.99,106.96,1
2015-01-23,5701039877.12,107.06,1
2015-01-26,6283863146.8,103.31,0
2015-01-27,10383788827.25,109.16,1
2015-01-28,17005081468.32,112.57,1
2015-01-29,10034288187.13,110.91,0
2015-01-30,9807943875.96,112.3,1
2015-02-02,7432192557.0,112.32,1
2015-02-03,6157863915.839999,113.17,1
2015-02-04,8378070049.63,113.99,1
2015-02-05,5065558293.8,113.02,0
2015-02-06,5194956953.7,113.77,1
2015-02-09,4652714142.07,115.96,1
2015-02-10,7556506845.16,118.67,1
2015-02-11,9176989745.37,120.19,1
2015-02-12,9414585582.64,120.77,1
2015-02-13,6875143957.37,121.49,1
2015-02-17,8066161987.21,122.31,1
2015-02-18,5775238961.64,122.07,0
2015-02-19,4794841851.15,123.07,1
2015-02-20,6335006343.54,126.4,1
2015-02-23,9431647576.0,125.61,0
2015-02-24,9143325995.46,122.38,0
2015-02-25,9614263361.199999,123.93,1
2015-02-26,11899800364.41,122.08,0
2015-02-27,7963419402.4,122.67,1
2015-03-02,6208183581.39,122.94,1
2015-03-03,4891960002.42,122.16,0
2015-03-04,4070409680.4,120.14,0
2015-03-05,7144622599.74,120.32,1
2015-03-06,9222135155.199999,120.82,1
2015-03-09,11254682391.96,118.32,0
2015-03-10,8572646177.5199995,116.16,0
2015-03-11,8426218753.92,116.79,1
2015-03-12,5945877237.18,117.47,1
2015-03-13,6406141049.309999,118.74,1
2015-03-16,4482210700.139999,120.73,1
2015-03-17,6481773247.02,122.09,1
2015-03-18,8385162443.66,121.17,0
2015-03-19,5840654394.33,119.67,0
2015-03-20,8650134732.45,120.89,1
2015-03-23,4796827433.86,120.4,0
2015-03-24,4160752016.4,117.27,0
2015-03-25,6373998122.219999,118.07,1
2015-03-26,5910307325.849999,117.14,0
2015-03-27,4874394538.0,120.1,1
2015-03-30,5952124653.9,118.24,0
2015-03-31,5236737981.44,118.08,0
2015-04-01,5047112923.2,119.1,1
2015-04-02,4037852302.2,121.02,1
2015-04-06,4736315809.74,119.76,0
2015-04-07,4409502601.440001,119.37,0
2015-04-08,4688734826.85,120.28,1
2015-04-09,4105509060.96,120.78,1
2015-04-10,5107426637.94,120.54,0
2015-04-13,4612408495.38,120.03,0
2015-04-14,3223731411.42,120.48,1
2015-04-15,3669572490.7200003,119.91,0
2015-04-16,3579405830.7,118.55,0
2015-04-17,6481229741.7,121.27,1
2015-04-20,6003222867.7699995,120.6,0
2015-04-21,4111847352.0,122.22,1
2015-04-22,4838152520.88,123.24,1
2015-04-23,5935440020.639999,123.82,1
2015-04-24,5801167093.12,126.06,1
2015-04-27,12860437108.86,124.06,0
2015-04-28,15524333701.4,122.24,0
2015-04-29,8153019521.28,118.94,0
2015-04-30,10412117143.74,122.54,1
2015-05-01,7544649574.88,122.3,0
2015-05-04,6561572579.599999,119.57,0
2015-05-05,6199104139.03,118.8,0
2015-05-06,9011928855.6,119.55,1
2015-05-07,5457789729.45,121.79,1
2015-05-08,7089237816.58,120.54,0
2015-05-11,5309467569.0,120.12,0
2015-05-12,6061827451.68,120.26,1
2015-05-13,4371998904.56,123.07,1
2015-05-14,5829412754.009999,122.89,0
2015-05-15,4918253195.1,124.23,1
2015-05-18,6616041702.39,124.11,0
2015-05-19,5804525039.67,124.1,0
2015-05-20,4740559066.9,125.41,1
2015-05-21,5221021965.84,126.49,1
2015-05-22,6043429986.23,123.72,0
2015-05-26,9160733701.32,126.01,1
2015-05-27,6051829723.83,125.75,0
2015-05-28,4048048304.25,124.31,0
2015-05-29,6628148536.72,124.57,1
2015-06-01,4191727931.4599996,124.0,0
2015-06-02,4370667556.0,124.16,1
2015-06-03,4031008358.4,123.47,0
2015-06-04,4974625808.26,122.77,0
2015-06-05,4583218579.19,121.97,0
2015-06-08,6732193793.33,121.61,0
2015-06-09,7142422598.78,123.0,1
2015-06-10,5036646435.0,122.71,0
2015-06-11,4550645130.5,121.37,0
2015-06-12,4682448895.610001,121.12,0
2015-06-15,5582908065.76,121.78,1
2015-06-16,4018895147.7200003,121.49,0
2015-06-17,4190592960.8399997,122.03,1
2015-06-18,4527513007.17,120.81,0
2015-06-19,6926679284.34,121.78,1
2015-06-22,4343682894.84,121.23,0
2015-06-23,3845100765.69,122.25,1
2015-06-24,7081490541.75,121.69,0
2015-06-25,4072541183.87,120.96,0
2015-06-26,5585406865.92,118.84,0
2015-06-29,6121930533.88,119.7,1
2015-06-30,5565341016.900001,120.81,1
2015-07-01,3827973699.81,120.66,0
2015-07-02,3440390525.3399997,120.25,0
2015-07-06,3535740812.5,119.95,0
2015-07-07,5900757206.3,116.97,0
2015-07-08,7447408899.21,114.59,0
2015-07-09,9437199708.16,117.65,1
2015-07-10,7563784501.650001,119.92,1
2015-07-13,5207366146.64,119.87,0
2015-07-14,3989172789.33,121.02,1
2015-07-15,4264662143.3399997,122.63,1
2015-07-16,4654526130.76,123.72,1
2015-07-17,5984824722.84,126.03,1
2015-07-20,7778434857.45,124.78,0
2015-07-21,10036009855.3,119.51,0
2015-07-22,14457791207.27,119.45,0
2015-07-23,6383409672.3,118.81,0
2015-07-24,5249026869.29,117.17,0
2015-07-27,5458124485.84,117.75,1
2015-07-28,4147957466.25,117.39,0
2015-07-29,4552721578.86,116.78,0
2015-07-30,4115035483.56,115.76,0
2015-07-31,5201928998.64,113.02,0
2015-08-03,8283405103.96,109.41,0
2015-08-04,14231981574.09,110.13,1
2015-08-05,11460709396.529999,110.37,1
2015-08-06,6087845300.55,110.74,1
2015-08-07,4467075523.4,114.78,1
2015-08-10,6579393908.4,108.8,0
2015-08-11,11011919238.4,110.47,1
2015-08-12,11717742135.11,110.38,0
2015-08-13,5588455511.2,111.16,1
2015-08-14,4977880748.68,112.32,1
2015-08-17,4790248407.36,111.68,0
2015-08-18,4026225265.92,110.25,0
2015-08-19,5553214332.75,107.98,0
2015-08-20,7715856780.9800005,101.4,0
2015-08-21,13568175613.2,98.855,0
2015-08-24,16722219568.285,99.452,1
2015-08-25,10747813144.364,105.15,1
2015-08-26,10614774837.150002,108.25,1
2015-08-27,9554776205.75,108.6,1
2015-08-28,6022694817.0,108.09,0
2015-08-31,6339974957.37,103.26,0
2015-09-01,8277370235.46,107.7,1
2015-09-02,6952930525.5,105.81,0
2015-09-03,5875639246.14,104.74,0
2015-09-04,5462488775.82,107.67,1
2015-09-08,6159717363.42,105.6,0
2015-09-09,9364360790.4,107.92,1
2015-09-10,7078270989.6,109.49,1
2015-09-11,5700975137.95,110.54,1
2015-09-14,6729769269.54,111.47,1
2015-09-15,5039622906.72,111.59,1
2015-09-16,4327107575.6,109.22,0
2015-09-17,7304423788.38,108.76,0
2015-09-18,8427749427.96,110.44,1
2015-09-21,5785749936.559999,108.71,0
2015-09-22,5709202537.009999,109.59,1
2015-09-23,4087602779.9100003,110.24,1
2015-09-24,5766367996.48,109.96,0
2015-09-25,6440792421.679999,107.8,0
2015-09-28,5857277533.8,104.55,0
2015-09-29,8001194562.9,105.74,1
2015-09-30,7332037929.259999,105.04,0
2015-10-01,7004762774.88,105.82,1
2015-10-02,6404472431.5,106.2,1
2015-10-05,5766898950.0,106.71,1
2015-10-06,5438400026.16,106.2,0
2015-10-07,5180727094.2,104.96,0
2015-10-08,6785971217.919999,107.49,1
2015-10-09,5912821636.41,106.99,0
2015-10-12,3399442271.4199996,107.16,1
2015-10-13,3694313674.2,105.66,0
2015-10-14,4900541864.04,107.23,1
2015-10-15,4213967968.15,106.44,0
2015-10-16,4356042204.84,107.1,1
2015-10-19,3324682594.7999997,109.08,1
2015-10-20,5571799964.28,109.07,0
2015-10-21,4815727463.17,110.72,1
2015-10-22,4810862279.04,114.16,1
2015-10-23,7069658925.76,110.51,0
2015-10-26,7646733040.42,109.81,0
2015-10-27,8005016898.57,114.34,1
2015-10-28,10203869794.14,115.54,1
2015-10-29,6174104047.6,114.56,0
2015-10-30,5899212440.32,116.16,1
2015-11-02,3901267518.72,117.51,1
2015-11-03,5579656118.940001,116.95,0
2015-11-04,5471910630.900001,116.42,0
2015-11-05,4782860158.1,116.56,1
2015-11-06,4000401443.04,116.07,0
2015-11-09,4083550945.6499996,112.43,0
2015-11-10,6904937244.620001,111.79,0
2015-11-11,5250472790.150001,111.41,0
2015-11-12,3763857948.63,108.15,0
2015-11-13,5146294714.05,109.92,1
2015-11-16,4350740002.56,109.46,0
2015-11-17,3139897316.3999996,112.91,1
2015-11-18,5473915528.13,114.36,1
2015-11-19,5142865491.12,114.86,1
2015-11-20,4090565691.12,113.35,0
2015-11-23,3824336053.0,114.45,1
2015-11-24,5087459983.2,113.63,0
2015-11-25,2524377831.47,113.41,0
2015-11-27,1536834447.1699998,113.9,1
2015-11-30,4635286131.7,112.95,0
2015-12-01,4088872227.6,111.95,0
2015-12-02,3880188455.35,110.91,0
2015-12-03,4787945326.95,114.6,1
2015-12-04,6877394452.799999,113.88,0
2015-12-07,3795104637.48,113.83,0
2015-12-08,4056531821.65,111.31,0
2015-12-09,5360124367.82,111.84,1
2015-12-10,3393547475.52,108.97,0
2015-12-11,5306841724.25,108.29,0
2015-12-14,7309261175.580001,106.37,0
2015-12-15,5891415095.83,107.19,1
2015-12-16,6261412309.74,104.91,0
2015-12-17,4878835983.059999,102.09,0
2015-12-18,10227873684.57,103.33,1
2015-12-21,5107786034.059999,103.23,0
2015-12-22,3515376251.52,104.56,1
2015-12-23,3546752992.64,104.01,0
2015-12-24,1468902651.0600002,102.83,0
2015-12-28,2852230569.37,104.68,1
2015-12-29,3363149409.44,103.32,0
2015-12-30,2387425778.64,101.35,0
2015-12-31,4087621342.25,101.44,1
2016-01-04,6619990934.72,98.885,0
2016-01-05,5415317275.265,96.949,0
2016-01-06,6771760452.912,92.857,0
2016-01-07,7389994166.475,93.349,1
2016-01-08,6745712766.036,94.86,1
2016-01-11,4900817823.12,96.238,1
2016-01-12,4695341923.728,93.762,0
2016-01-13,5966364753.198,95.814,1
2016-01-14,6136651572.443999,93.512,0
2016-01-15,7606995006.04,93.059,0
2016-01-19,5131417594.509,93.184,1
2016-01-20,6740201022.464,92.712,0
2016-01-21,4482050200.176001,97.641,1
2016-01-22,6521137945.362,95.736,0
2016-01-25,4935445744.968,96.266,1
2016-01-26,6059678909.574,89.941,0
2016-01-27,12248494833.883,90.585,1
2016-01-28,5183443275.12,93.715,1
2016-01-29,5997935528.195001,92.839,0
2016-02-01,3708411520.416,90.961,0
2016-02-02,3338707950.669,92.761,1
2016-02-03,4282691421.2949996,93.506,1
2016-02-04,4388483996.876,91.009,0
2016-02-05,4057837849.935,91.968,1
2016-02-08,5008795795.968,91.948,0
2016-02-09,3986711359.048,91.252,0
2016-02-10,3879465080.008,90.7,0
2016-02-11,4306058869.400001,90.98,1
2016-02-12,3693600854.1400003,93.545,1
2016-02-16,4394647842.195,94.979,1
2016-02-17,4160045342.707,93.177,0
2016-02-18,3567124069.0470004,92.965,0
2016-02-19,3130067590.08,93.778,1
2016-02-22,3207608782.2840004,91.659,0
2016-02-23,2814387761.82,93.022,1
2016-02-24,3348178519.9100003,93.66,1
2016-02-25,2389881571.56,93.808,1
2016-02-26,2663505365.664,93.594,0
2016-02-29,2913966359.31,97.309,1
2016-03-01,4921705695.226,97.522,1
2016-03-02,3261452041.368,98.26,1
2016-03-03,3530351605.5,99.73,1
2016-03-04,4509776338.610001,98.607,0
2016-03-07,3318261824.874,97.797,0
2016-03-08,3074117647.02,97.885,1
2016-03-09,2448828296.885,97.935,1
2016-03-10,3390732697.995,98.984,1
2016-03-11,2590708528.9519997,99.233,1
2016-03-14,2570693580.256,101.24,1
2016-03-15,4190653541.16,102.57,1
2016-03-16,4058762083.35,102.41,0
2016-03-17,3641639485.33,102.53,1
2016-03-18,4682296157.16,102.52,0
2016-03-21,3760144698.64,103.3,1
2016-03-22,3462378719.9,102.73,0
2016-03-23,2727873825.87,102.28,0
2016-03-24,2761303174.92,101.82,0
2016-03-28,1933509260.8799999,104.24,1
2016-03-29,3189124293.2,106.05,1
2016-03-30,4857931506.75,105.5,0
2016-03-31,2610331429.0,106.46,1
2016-04-01,2762148455.06,107.56,1
2016-04-04,3865936255.7200003,106.3,0
2016-04-05,2722276881.4,107.41,1
2016-04-06,2791005456.36,105.06,0
2016-04-07,3201713585.76,105.18,1
2016-04-08,2502313714.5,105.53,1
2016-04-11,2887283387.55,106.91,1
2016-04-12,2887829934.35,108.44,1
2016-04-13,3577084254.4,108.5,1
2016-04-14,2716221116.0,106.34,0
2016-04-15,4836102871.6,104.04,0
2016-04-18,6328463240.52,103.49,0
2016-04-19,3291983369.24,103.71,1
2016-04-20,2829575414.85,102.57,0
2016-04-21,3101899066.89,102.29,0
2016-04-22,3457528839.6000004,101.71,0
2016-04-25,2800267006.25,101.01,0
2016-04-26,4120431536.13,94.678,0
2016-04-27,10645090064.972,91.792,0
2016-04-28,7501346056.752,90.739,0
2016-04-29,6284403658.258,90.641,0
2016-05-02,4434949559.776,92.132,1
2016-05-03,5328316390.528,91.174,0
2016-05-04,3611723254.828,90.804,0
2016-05-05,3229409482.068,90.296,0
2016-05-06,3967942953.7840004,90.366,1
2016-05-09,2874014451.462,90.979,1
2016-05-10,3047123528.337,90.093,0
2016-05-11,2251102528.083,87.979,0
2016-05-12,6741382253.058,88.154,1
2016-05-13,3840613957.092,91.427,1
2016-05-16,5606448734.649,91.047,0
2016-05-17,4105124222.496,92.09,1
2016-05-18,3888485055.15,91.737,0
2016-05-19,2787496079.9579997,92.732,1
2016-05-20,2867487650.92,93.909,1
2016-05-23,3493010615.664,95.342,1
2016-05-24,2902089491.002,96.998,1
2016-05-25,3433897879.5220003,97.787,1
2016-05-26,5476764820.895,97.729,0
2016-05-27,3462962516.131,97.251,0
2016-05-31,3894538636.7580004,95.886,0
2016-06-01,2761086271.8599997,95.167,0
2016-06-02,3775448474.6080003,95.361,1
2016-06-03,2482470165.462,96.054,1
2016-06-06,2247576094.806,96.442,1
2016-06-07,2050536012.794,96.354,0
2016-06-08,1891881016.614,97.046,1
2016-06-09,2557889653.862,96.258,0
2016-06-10,2569378600.992,94.796,0
2016-06-13,3463108990.6920004,94.914,1
2016-06-14,3006907316.19,94.602,0
2016-06-15,2526753198.6,95.0,1
2016-06-16,2976303165.0,92.839,0
2016-06-17,5206413440.975,92.616,0
2016-06-20,3181666714.656,93.404,1
2016-06-21,3062439376.5039997,93.063,0
2016-06-22,2501506823.982,93.589,1
2016-06-23,2936750288.525,90.96,0
2016-06-24,5911270185.839999,89.635,0
2016-06-27,4077653549.0600004,91.145,1
2016-06-28,3606170427.435,91.934,1
2016-06-29,3028589484.456,93.102,1
2016-06-30,3230885096.178,93.384,1
2016-07-01,2390955563.088,92.556,0
2016-07-05,2578540835.5559998,93.034,1
2016-07-06,2801215596.0600004,93.433,1
2016-07-07,2276030963.289,94.154,1
2016-07-08,2567118319.554,94.445,1
2016-07-11,2197699827.5699997,94.874,1
2016-07-12,2114563760.998,94.339,0
2016-07-13,2113100581.746,96.199,1
2016-07-14,3468705350.9969997,96.199,0
2016-07-15,2917904027.6419997,97.222,1
2016-07-18,3571205753.8919997,97.261,1
2016-07-19,2206899747.89,97.347,1
2016-07-20,2464903820.253,96.831,0
2016-07-21,2997195999.336,96.082,0
2016-07-22,2546756698.1499996,94.796,0
2016-07-25,3706097776.368,94.144,0
2016-07-26,3911076724.352,100.26,1
2016-07-27,9252020371.5,101.61,1
2016-07-28,3876145832.07,101.49,0
2016-07-29,2586316761.3599997,103.28,1
2016-08-01,3899407250.08,101.75,0
2016-08-02,3283969650.5,103.02,1
2016-08-03,2895599314.14,103.67,1
2016-08-04,2671996696.53,105.23,1
2016-08-05,3598876628.23,106.11,1
2016-08-08,2775304503.36,106.54,1
2016-08-09,2773087363.6200004,105.75,0
2016-08-10,2407705107.75,105.68,0
2016-08-11,2518701453.1200004,105.93,1
2016-08-12,1936034623.71,107.19,1
2016-08-15,2680138992.5099998,107.1,0
2016-08-16,3585804282.8999996,106.93,0
2016-08-17,2482672938.2000003,106.81,0
2016-08-18,2061087256.03,107.08,1
2016-08-19,2683185904.52,106.25,0
2016-08-22,2667475737.5,106.58,1
2016-08-23,2066613164.74,105.78,0
2016-08-24,2433102901.2,105.32,0
2016-08-25,2463739912.04,104.7,0
2016-08-26,2865692292.3,104.59,0
2016-08-29,2501966210.2200003,103.78,0
2016-08-30,2367792278.66,103.89,1
2016-08-31,2832627755.16,104.5,1
2016-09-01,2618028886.0,105.48,1
2016-09-02,2775509479.8,105.45,0
2016-09-06,2503451858.85,106.1,1
2016-09-07,4212937209.1,103.32,0
2016-09-08,5240368806.12,100.98,0
2016-09-09,4540470374.88,103.24,1
2016-09-12,4313960520.28,105.7,1
2016-09-13,6611242422.400001,109.44,1
2016-09-14,11886620071.68,113.15,1
2016-09-15,10234178074.6,112.53,0
2016-09-16,8098180038.96,111.21,0
2016-09-19,5267989675.08,111.2,0
2016-09-20,3853807248.0,111.18,0
2016-09-21,3771668096.4,112.23,1
2016-09-22,3381635237.85,110.36,0
2016-09-23,5827310938.2,110.52,1
2016-09-26,3231676969.56,110.72,1
2016-09-27,2702146622.72,111.58,1
2016-09-28,3287126938.7599998,109.85,0
2016-09-29,3886867588.5,110.68,1
2016-09-30,3770096492.44,110.18,0
2016-10-03,2345732200.0,110.63,1
2016-10-04,3310854986.4,110.68,1
2016-10-05,2260242654.92,111.52,1
2016-10-06,3195571809.44,111.69,1
2016-10-07,2733096407.13,113.63,1
2016-10-10,4102868976.47,113.88,1
2016-10-11,7243009311.719999,114.9,1
2016-10-12,4336905670.5,114.54,0
2016-10-13,3986763312.36,115.18,1
2016-10-14,4053325180.32,115.11,0
2016-10-17,2586943347.93,115.03,0
2016-10-18,2589124802.71,114.68,0
2016-10-19,2287309457.96,114.62,0
2016-10-20,2764512329.7000003,114.17,0
2016-10-21,2548354661.51,115.2,1
2016-10-24,2672816716.8,115.78,1
2016-10-25,4558582089.32,113.17,0
2016-10-26,7438877425.45,112.1,0
2016-10-27,3208588751.7999997,111.35,0
2016-10-28,3954881308.1499996,111.17,0
2016-10-31,2999596944.2400002,109.17,0
2016-11-01,4886362082.34,109.27,1
2016-11-02,3161739469.7,108.09,0
2016-11-03,2957959053.4500003,107.11,0
2016-11-04,3356065419.46,108.66,1
2016-11-07,3487685120.46,109.31,1
2016-11-08,2551361751.17,109.13,0
2016-11-09,6181057940.259999,106.08,0
2016-11-10,6071369566.08,106.72,1
2016-11-11,3656314603.68,104.04,0
2016-11-14,5409919258.200001,105.41,1
2016-11-15,3455693450.5499997,108.25,1
2016-11-16,6394900467.25,108.21,0
2016-11-17,2913684426.6299996,108.31,1
2016-11-18,2892046396.84,109.96,1
2016-11-21,3051429035.7999997,110.03,1
2016-11-22,2504620702.13,109.47,0
2016-11-23,2749199147.34,110.02,1
2016-11-25,1237061799.44,109.81,0
2016-11-28,2801031942.66,109.7,0
2016-11-29,3084195315.2000003,108.77,0
2016-11-30,3642432546.98,107.76,0
2016-12-01,3819364188.96,108.16,1
2016-12-02,2622210273.2799997,107.38,0
2016-12-05,3523941968.8199997,108.21,1
2016-12-06,2769462138.6299996,109.28,1
2016-12-07,3254564283.52,110.35,1
2016-12-08,2902173108.85,112.15,1
2016-12-09,3801792139.8,111.51,0
2016-12-12,2936532886.56,113.36,1
2016-12-13,4830202490.88,113.36,0
2016-12-14,3727291083.36,113.99,1
2016-12-15,5026077515.33,114.14,1
2016-12-16,4488724427.2,114.8,1
2016-12-19,3068156394.7999997,115.11,1
2016-12-20,2208368428.83,115.21,1
2016-12-21,2533352113.95,114.45,0
2016-12-22,2926048843.2000003,114.68,1
2016-12-23,1605337888.16,115.41,1
2016-12-27,2052761200.44,114.92,0
2016-12-28,2254658919.76,114.89,0
2016-12-29,1722003489.2,113.99,0
2016-12-30,3542595012.79,114.31,1
2017-01-03,3221970351.81,114.19,0
2017-01-04,2380919165.95,114.77,1
2017-01-05,2530072399.63,116.04,1
2017-01-06,3645920404.5600004,117.11,1
2017-01-09,3764571801.55,117.23,1
2017-01-10,2523504234.08,117.86,1
2017-01-11,3167106340.7599998,117.37,0
2017-01-12,3180629113.42,117.16,0
2017-01-13,3023247370.2799997,118.1,1
2017-01-17,3830915281.3999996,118.09,0
2017-01-18,2709011288.34,117.89,0
2017-01-19,2856051239.12,118.1,1
2017-01-20,3409734070.3999996,118.19,1
2017-01-23,2337087405.34,118.07,0
2017-01-24,2710381978.47,119.95,1
2017-01-25,3860139378.15,120.01,1
2017-01-26,3091902117.04,120.02,1
2017-01-27,2453516891.34,119.7,0
2017-01-30,3617482068.9,119.43,0
2017-01-31,4843124285.13,126.7,1
2017-02-01,14194956638.800001,126.5,0
2017-02-02,4129329759.5,127.03,1
2017-02-03,3163225223.09,128.23,1
2017-02-06,3402600489.2799997,129.44,1
2017-02-07,4765880742.88,129.95,1
2017-02-08,2833932056.7499995,130.89,1
2017-02-09,3182707627.4399996,130.6,0
2017-02-10,2552856745.2,131.75,1
2017-02-13,2947513766.75,133.45,1
2017-02-14,4193392677.4999995,133.94,1
2017-02-15,4557380157.9,133.78,0
2017-02-16,2915021517.48,134.15,1
2017-02-17,2867269781.5,135.12,1
2017-02-21,2998200109.92,135.53,1
2017-02-22,2412774993.48,134.92,0
2017-02-23,2539931602.8799996,135.08,1
2017-02-24,2901068853.76,135.35,1
2017-02-27,2620540720.95,135.41,1
2017-02-28,2897358155.89,138.18,1
2017-03-01,4892921742.24,137.36,0
2017-03-02,3553109938.32,138.17,1
2017-03-03,2792955530.1899996,137.73,0
2017-03-06,2639719269.27,137.91,1
2017-03-07,2328274125.42,137.4,0
2017-03-08,2497960167.0,137.08,0
2017-03-09,2858913201.0800004,137.54,1
2017-03-10,2572607302.2,137.6,1
2017-03-13,2425263020.7999997,137.39,0
2017-03-14,2127909921.61,138.83,1
2017-03-15,3608501429.7300005,139.06,1
2017-03-16,2705677904.6,138.36,0
2017-03-17,5310839987.400001,139.83,1
2017-03-20,3047450265.78,138.23,0
2017-03-21,5528122082.46,139.79,1
2017-03-22,3657268595.89,139.29,0
2017-03-23,2867179486.0499997,139.01,0
2017-03-24,3012547708.46,139.25,1
2017-03-27,3130261463.0,142.14,1
2017-03-28,4710424508.339999,142.46,1
2017-03-29,4043136603.3,142.27,0
2017-03-30,2691777280.8100004,142.0,0
2017-03-31,2699787496.0,142.04,1
2017-04-03,2871969399.64,143.1,1
2017-04-04,2812934873.7,142.36,0
2017-04-05,3891027793.9600005,142.0,0
2017-04-06,2915925270.0,141.68,0
2017-04-07,2389741212.32,141.51,0
2017-04-10,2388847574.22,140.0,0
2017-04-11,4302851420.0,140.17,1
2017-04-12,2819149080.6899996,139.42,0
2017-04-13,2417902503.6,140.2,1
2017-04-17,2216252859.0,139.57,0
2017-04-18,1985870907.58,139.05,0
2017-04-19,2323853240.8500004,140.79,1
2017-04-20,3188994728.0099998,140.63,0
2017-04-21,2366050248.24,141.98,1
2017-04-24,2458902210.96,142.87,1
2017-04-25,2698864304.5,142.02,0
2017-04-26,2876049292.32,142.13,1
2017-04-27,2042947767.61,141.99,0
2017-04-28,2996601402.8700004,144.89,1
2017-05-01,4914548106.629999,145.81,1
2017-05-02,6554497195.96,145.37,0
2017-05-03,6707803694.27,144.84,0
2017-05-04,3421022308.8,147.24,1
2017-05-05,4070790366.1200004,151.24,1
2017-05-08,7449096466.440001,152.21,1
2017-05-09,6010534691.35,151.49,0
2017-05-10,3951173844.73,152.8,1
2017-05-11,4193550618.4,154.93,1
2017-05-12,5062375707.85,154.53,0
2017-05-15,4034830994.73,154.31,0
2017-05-16,3108871533.82,149.12,0
2017-05-17,7614330844.16,151.4,1
2017-05-18,5120527106.2,151.91,1
2017-05-19,4115417963.69,152.84,1
2017-05-22,3531709033.2000003,152.65,0
2017-05-23,3062004670.85,152.19,0
2017-05-24,2945133092.34,152.72,1
2017-05-25,2957256946.08,152.46,0
2017-05-26,3362806256.04,152.52,1
2017-05-30,3091675572.48,151.61,0
2017-05-31,3735685257.78,152.03,1
2017-06-01,2509692844.37,154.29,1
2017-06-02,4306697850.03,152.78,0
2017-06-05,3892098611.52,153.3,1
2017-06-06,4107581673.3,154.21,1
2017-06-07,3265978738.54,153.83,0
2017-06-08,3277502441.4900002,147.87,0
2017-06-09,9652490175.42,144.33,0
2017-06-12,10499565128.550001,145.5,1
2017-06-13,4998432358.5,144.07,0
2017-06-14,4566017137.219999,143.22,0
2017-06-15,4568865086.94,141.2,0
2017-06-16,7151296248.799999,145.25,1
2017-06-19,4751270716.5,143.92,0
2017-06-20,3608608055.3599997,144.78,1
2017-06-21,3102057438.2400002,144.54,0
2017-06-22,2779496828.46,145.19,1
2017-06-23,5181922279.32,144.73,0
2017-06-26,3744555870.9999995,142.66,0
2017-06-27,3554769496.18,144.74,1
2017-06-28,3216451794.02,142.61,0
2017-06-29,4519533514.21,142.95,1
2017-06-30,3313220623.0499997,142.43,0
2017-07-03,2048918788.92,143.02,1
2017-07-05,3105480216.1600003,141.66,0
2017-07-06,3441263367.24,143.11,1
2017-07-07,2699077640.71,143.97,1
2017-07-10,3057865355.97,144.44,1
2017-07-11,2870227182.6,144.65,1
2017-07-12,3623602559.5,146.66,1
2017-07-13,3706170796.7,147.93,1
2017-07-14,2998368169.83,148.44,1
2017-07-17,3555095546.16,148.95,1
2017-07-18,2678848620.75,149.89,1
2017-07-19,3157920142.39,149.21,0
2017-07-20,2585817954.1800003,149.14,0
2017-07-21,3774814681.2999997,150.96,1
2017-07-24,3265413042.7200003,151.6,1
2017-07-25,2876143830.0,152.31,1
2017-07-26,2414562662.19,149.43,0
2017-07-27,4883139737.49,148.39,0
2017-07-28,2570982733.1099997,147.62,0
2017-07-31,2932084240.36,148.92,1
2017-08-01,5121949416.719999,155.97,1
2017-08-02,10958805783.99,154.4,0
2017-08-03,4141844539.2000003,155.22,1
2017-08-04,3209280757.02,157.62,1
2017-08-07,3466708938.6600003,158.88,1
2017-08-08,5784102026.88,159.86,1
2017-08-09,4198067633.86,154.76,0
2017-08-10,6159619319.32,156.92,1
2017-08-11,4131933801.64,159.28,1
2017-08-14,3528766530.08,161.02,1
2017-08-15,4747808668.64,160.37,0
2017-08-16,4445923076.7,157.29,0
2017-08-17,4340470399.44,156.94,0
2017-08-18,4315363172.12,156.65,0
2017-08-21,4141130160.7000003,159.21,1
2017-08-22,3446319363.75,159.41,1
2017-08-23,3100261951.73,158.7,0
2017-08-24,3154082515.2,159.29,1
2017-08-25,4071327357.35,160.89,1
2017-08-28,4149425339.6099997,162.33,1
2017-08-29,4799082401.190001,162.76,1
2017-08-30,4446763518.599999,163.41,1
2017-08-31,4386313642.62,163.46,1
2017-09-01,2719199109.2200003,161.5,0
2017-09-05,4782248690.5,161.33,0
2017-09-06,3499257379.8,160.68,0
2017-09-07,3532718514.0,158.06,0
2017-09-08,4509059337.02,160.92,1
2017-09-11,5089927600.08,160.28,0
2017-09-12,11518495433.24,159.08,0
2017-09-13,7163262316.64,157.71,0
2017-09-14,3741652086.48,159.31,1
2017-09-15,7810130054.92,158.1,0
2017-09-18,4468008606.9,158.16,1
2017-09-19,3268908766.56,155.51,0
2017-09-20,8146673600.65,152.84,0
2017-09-21,5732149875.68,151.35,0
2017-09-22,7075726466.55,150.01,0
2017-09-25,6679693283.2,152.59,1
2017-09-26,5608886435.1,153.68,1
2017-09-27,3918024420.2400002,152.73,0
2017-09-28,3369734070.93,153.57,1
2017-09-29,4048026111.45,153.26,0
2017-10-02,2873603543.6,153.92,1
2017-10-03,2505430645.12,152.93,0
2017-10-04,3087393201.61,154.83,1
2017-10-05,3304351358.4900002,154.74,0
2017-10-06,2699941121.82,155.28,1
2017-10-09,2531404063.2,155.34,1
2017-10-10,2432603584.44,155.99,1
2017-10-11,2642823293.3900003,155.44,0
2017-10-12,2555433755.44,156.43,1
2017-10-13,2570561942.38,159.31,1
2017-10-16,3852564098.34,159.9,1
2017-10-17,3044585064.3,159.19,0
2017-10-18,2597160971.5,155.42,0
2017-10-19,6611444173.62,155.69,1
2017-10-20,3736188679.35,155.61,0
2017-10-23,3429499215.8700004,156.54,1
2017-10-24,2771030379.6,155.85,0
2017-10-25,3312378079.65,156.85,1
2017-10-26,2665445062.0499997,162.47,1
2017-10-27,7239829731.75,166.12,1
2017-10-30,7452386565.8,168.43,1
2017-10-31,6093192904.7300005,166.29,0
2017-11-01,5613731728.65,167.51,1
2017-11-02,6958730069.2699995,171.88,1
2017-11-03,10246138232.68,173.63,1
2017-11-06,6059902474.83,174.18,1
2017-11-07,4254325075.86,175.61,1
2017-11-08,4293869261.26,175.25,0
2017-11-09,5175673321.5,174.67,0
