Date,t-5,t-4,t-3,t-2,t-1,t,movement
2015-01-02,103.5,100.58,100.59,102.01,105.93,106.04,1
2015-01-05,100.58,100.59,102.01,105.93,106.04,103.42,0
2015-01-06,100.59,102.01,105.93,106.04,103.42,104.35,1
2015-01-07,102.01,105.93,106.04,103.42,104.35,103.95,0
2015-01-08,105.93,106.04,103.42,104.35,103.95,101.12,0
2015-01-09,106.04,103.42,104.35,103.95,101.12,100.32,0
2015-01-12,103.42,104.35,103.95,101.12,100.32,102.9,1
2015-01-13,104.35,103.95,101.12,100.32,102.9,103.72,1
2015-01-14,103.95,101.12,100.32,102.9,103.72,106.39,1
2015-01-15,101.12,100.32,102.9,103.72,106.39,106.96,1
2015-01-16,100.32,102.9,103.72,106.39,106.96,107.06,1
2015-01-20,102.9,103.72,106.39,106.96,107.06,103.31,0
2015-01-21,103.72,106.39,106.96,107.06,103.31,109.16,1
2015-01-22,106.39,106.96,107.06,103.31,109.16,112.57,1
2015-01-23,106.96,107.06,103.31,109.16,112.57,110.91,0
2015-01-26,107.06,103.31,109.16,112.57,110.91,112.3,1
2015-01-27,103.31,109.16,112.57,110.91,112.3,112.32,1
2015-01-28,109.16,112.57,110.91,112.3,112.32,113.17,1
2015-01-29,112.57,110.91,112.3,112.32,113.17,113.99,1
2015-01-30,110.91,112.3,112.32,113.17,113.99,113.02,0
2015-02-02,112.3,112.32,113.17,113.99,113.02,113.77,1
2015-02-03,112.32,113.17,113.99,113.02,113.77,115.96,1
2015-02-04,113.17,113.99,113.02,113.77,115.96,118.67,1
2015-02-05,113.99,113.02,113.77,115.96,118.67,120.19,1
2015-02-06,113.02,113.77,115.96,118.67,120.19,120.77,1
2015-02-09,113.77,115.96,118.67,120.19,120.77,121.49,1
2015-02-10,115.96,118.67,120.19,120.77,121.49,122.31,1
2015-02-11,118.67,120.19,120.77,121.49,122.31,122.07,0
2015-02-12,120.19,120.77,121.49,122.31,122.07,123.07,1
2015-02-13,120.77,121.49,122.31,122.07,123.07,126.4,1
2015-02-17,121.49,122.31,122.07,123.07,126.4,125.61,0
2015-02-18,122.31,122.07,123.07,126.4,125.61,122.38,0
2015-02-19,122.07,123.07,126.4,125.61,122.38,123.93,1
2015-02-20,123.07,126.4,125.61,122.38,123.93,122.08,0
2015-02-23,126.4,125.61,122.38,123.93,122.08,122.67,1
2015-02-24,125.61,122.38,123.93,122.08,122.67,122.94,1
2015-02-25,122.38,123.93,122.08,122.67,122.94,122.16,0
2015-02-26,123.93,122.08,122.67,122.94,122.16,120.14,0
2015-02-27,122.08,122.67,122.94,122.16,120.14,120.32,1
2015-03-02,122.67,122.94,122.16,120.14,120.32,120.82,1
2015-03-03,122.94,122.16,120.14,120.32,120.82,118.32,0
2015-03-04,122.16,120.14,120.32,120.82,118.32,116.16,0
2015-03-05,120.14,120.32,120.82,118.32,116.16,116.79,1
2015-03-06,120.32,120.82,118.32,116.16,116.79,117.47,1
2015-03-09,120.82,118.32,116.16,116.79,117.47,118.74,1
2015-03-10,118.32,116.16,116.79,117.47,118.74,120.73,1
2015-03-11,116.16,116.79,117.47,118.74,120.73,122.09,1
2015-03-12,116.79,117.47,118.74,120.73,122.09,121.17,0
2015-03-13,117.47,118.74,120.73,122.09,121.17,119.67,0
2015-03-16,118.74,120.73,122.09,121.17,119.67,120.89,1
2015-03-17,120.73,122.09,121.17,119.67,120.89,120.4,0
2015-03-18,122.09,121.17,119.67,120.89,120.4,117.27,0
2015-03-19,121.17,119.67,120.89,120.4,117.27,118.07,1
2015-03-20,119.67,120.89,120.4,117.27,118.07,117.14,0
2015-03-23,120.89,120.4,117.27,118.07,117.14,120.1,1
2015-03-24,120.4,117.27,118.07,117.14,120.1,118.24,0
2015-03-25,117.27,118.07,117.14,120.1,118.24,118.08,0
2015-03-26,118.07,117.14,120.1,118.24,118.08,119.1,1
2015-03-27,117.14,120.1,118.24,118.08,119.1,121.02,1
2015-03-30,120.1,118.24,118.08,119.1,121.02,119.76,0
2015-03-31,118.24,118.08,119.1,121.02,119.76,119.37,0
2015-04-01,118.08,119.1,121.02,119.76,119.37,120.28,1
2015-04-02,119.1,121.02,119.76,119.37,120.28,120.78,1
2015-04-06,121.02,119.76,119.37,120.28,120.78,120.54,0
2015-04-07,119.76,119.37,120.28,120.78,120.54,120.03,0
2015-04-08,119.37,120.28,120.78,120.54,120.03,120.48,1
2015-04-09,120.28,120.78,120.54,120.03,120.48,119.91,0
2015-04-10,120.78,120.54,120.03,120.48,119.91,118.55,0
2015-04-13,120.54,120.03,120.48,119.91,118.55,121.27,1
2015-04-14,120.03,120.48,119.91,118.55,121.27,120.6,0
2015-04-15,120.48,119.91,118.55,121.27,120.6,122.22,1
2015-04-16,119.91,118.55,121.27,120.6,122.22,123.24,1
2015-04-17,118.55,121.27,120.6,122.22,123.24,123.82,1
2015-04-20,121.27,120.6,122.22,123.24,123.82,126.06,1
2015-04-21,120.6,122.22,123.24,123.82,126.06,124.06,0
2015-04-22,122.22,123.24,123.82,126.06,124.06,122.24,0
2015-04-23,123.24,123.82,126.06,124.06,122.24,118.94,0
2015-04-24,123.82,126.06,124.06,122.24,118.94,122.54,1
2015-04-27,126.06,124.06,122.24,118.94,122.54,122.3,0
2015-04-28,124.06,122.24,118.94,122.54,122.3,119.57,0
2015-04-29,122.24,118.94,122.54,122.3,119.57,118.8,0
2015-04-30,118.94,122.54,122.3,119.57,118.8,119.55,1
2015-05-01,122.54,122.3,119.57,118.8,119.55,121.79,1
2015-05-04,122.3,119.57,118.8,119.55,121.79,120.54,0
2015-05-05,119.57,118.8,119.55,121.79,120.54,120.12,0
2015-05-06,118.8,119.55,121.79,120.54,120.12,120.26,1
2015-05-07,119.55,121.79,120.54,120.12,120.26,123.07,1
2015-05-08,121.79,120.54,120.12,120.26,123.07,122.89,0
2015-05-11,120.54,120.12,120.26,123.07,122.89,124.23,1
2015-05-12,120.12,120.26,123.07,122.89,124.23,124.11,0
2015-05-13,120.26,123.07,122.89,124.23,124.11,124.1,0
2015-05-14,123.07,122.89,124.23,124.11,124.1,125.41,1
2015-05-15,122.89,124.23,124.11,124.1,125.41,126.49,1
2015-05-18,124.23,124.11,124.1,125.41,126.49,123.72,0
2015-05-19,124.11,124.1,125.41,126.49,123.72,126.01,1
2015-05-20,124.1,125.41,126.49,123.72,126.01,125.75,0
2015-05-21,125.41,126.49,123.72,126.01,125.75,124.31,0
2015-05-22,126.49,123.72,126.01,125.75,124.31,124.57,1
2015-05-26,123.72,126.01,125.75,124.31,124.57,124.0,0
2015-05-27,126.01,125.75,124.31,124.57,124.0,124.16,1
2015-05-28,125.75,124.31,124.57,124.0,124.16,123.47,0
2015-05-29,124.31,124.57,124.0,124.16,123.47,122.77,0
2015-06-01,124.57,124.0,124.16,123.47,122.77,121.97,0
2015-06-02,124.0,124.16,123.47,122.77,121.97,121.61,0
2015-06-03,124.16,123.47,122.77,121.97,121.61,123.0,1
2015-06-04,123.47,122.77,121.97,121.61,123.0,122.71,0
2015-06-05,122.77,121.97,121.61,123.0,122.71,121.37,0
2015-06-08,121.97,121.61,123.0,122.71,121.37,121.12,0
2015-06-09,121.61,123.0,122.71,121.37,121.12,121.78,1
2015-06-10,123.0,122.71,121.37,121.12,121.78,121.49,0
2015-06-11,122.71,121.37,121.12,121.78,121.49,122.03,1
2015-06-12,121.37,121.12,121.78,121.49,122.03,120.81,0
2015-06-15,121.12,121.78,121.49,122.03,120.81,121.78,1
2015-06-16,121.78,121.49,122.03,120.81,121.78,121.23,0
2015-06-17,121.49,122.03,120.81,121.78,121.23,122.25,1
2015-06-18,122.03,120.81,121.78,121.23,122.25,121.69,0
2015-06-19,120.81,121.78,121.23,122.25,121.69,120.96,0
2015-06-22,121.78,121.23,122.25,121.69,120.96,118.84,0
2015-06-23,121.23,122.25,121.69,120.96,118.84,119.7,1
2015-06-24,122.25,121.69,120.96,118.84,119.7,120.81,1
2015-06-25,121.69,120.96,118.84,119.7,120.81,120.66,0
2015-06-26,120.96,118.84,119.7,120.81,120.66,120.25,0
2015-06-29,118.84,119.7,120.81,120.66,120.25,119.95,0
2015-06-30,119.7,120.81,120.66,120.25,119.95,116.97,0
2015-07-01,120.81,120.66,120.25,119.95,116.97,114.59,0
2015-07-02,120.66,120.25,119.95,116.97,114.59,117.65,1
2015-07-06,120.25,119.95,116.97,114.59,117.65,119.92,1
2015-07-07,119.95,116.97,114.59,117.65,119.92,119.87,0
2015-07-08,116.97,114.59,117.65,119.92,119.87,121.02,1
2015-07-09,114.59,117.65,119.92,119.87,121.02,122.63,1
2015-07-10,117.65,119.92,119.87,121.02,122.63,123.72,1
2015-07-13,119.92,119.87,121.02,122.63,123.72,126.03,1
2015-07-14,119.87,121.02,122.63,123.72,126.03,124.78,0
2015-07-15,121.02,122.63,123.72,126.03,124.78,119.51,0
2015-07-16,122.63,123.72,126.03,124.78,119.51,119.45,0
2015-07-17,123.72,126.03,124.78,119.51,119.45,118.81,0
2015-07-20,126.03,124.78,119.51,119.45,118.81,117.17,0
2015-07-21,124.78,119.51,119.45,118.81,117.17,117.75,1
2015-07-22,119.51,119.45,118.81,117.17,117.75,117.39,0
2015-07-23,119.45,118.81,117.17,117.75,117.39,116.78,0
2015-07-24,118.81,117.17,117.75,117.39,116.78,115.76,0
2015-07-27,117.17,117.75,117.39,116.78,115.76,113.02,0
2015-07-28,117.75,117.39,116.78,115.76,113.02,109.41,0
2015-07-29,117.39,116.78,115.76,113.02,109.41,110.13,1
2015-07-30,116.78,115.76,113.02,109.41,110.13,110.37,1
2015-07-31,115.76,113.02,109.41,110.13,110.37,110.74,1
2015-08-03,113.02,109.41,110.13,110.37,110.74,114.78,1
2015-08-04,109.41,110.13,110.37,110.74,114.78,108.8,0
2015-08-05,110.13,110.37,110.74,114.78,108.8,110.47,1
2015-08-06,110.37,110.74,114.78,108.8,110.47,110.38,0
2015-08-07,110.74,114.78,108.8,110.47,110.38,111.16,1
2015-08-10,114.78,108.8,110.47,110.38,111.16,112.32,1
2015-08-11,108.8,110.47,110.38,111.16,112.32,111.68,0
2015-08-12,110.47,110.38,111.16,112.32,111.68,110.25,0
2015-08-13,110.38,111.16,112.32,111.68,110.25,107.98,0
2015-08-14,111.16,112.32,111.68,110.25,107.98,101.4,0
2015-08-17,112.32,111.68,110.25,107.98,101.4,98.855,0
2015-08-18,111.68,110.25,107.98,101.4,98.855,99.452,1
2015-08-19,110.25,107.98,101.4,98.855,99.452,105.15,1
2015-08-20,107.98,101.4,98.855,99.452,105.15,108.25,1
2015-08-21,101.4,98.855,99.452,105.15,108.25,108.6,1
2015-08-24,98.855,99.452,105.15,108.25,108.6,108.09,0
2015-08-25,99.452,105.15,108.25,108.6,108.09,103.26,0
2015-08-26,105.15,108.25,108.6,108.09,103.26,107.7,1
2015-08-27,108.25,108.6,108.09,103.26,107.7,105.81,0
2015-08-28,108.6,108.09,103.26,107.7,105.81,104.74,0
2015-08-31,108.09,103.26,107.7,105.81,104.74,107.67,1
2015-09-01,103.26,107.7,105.81,104.74,107.67,105.6,0
2015-09-02,107.7,105.81,104.74,107.67,105.6,107.92,1
2015-09-03,105.81,104.74,107.67,105.6,107.92,109.49,1
2015-09-04,104.74,107.67,105.6,107.92,109.49,110.54,1
2015-09-08,107.67,105.6,107.92,109.49,110.54,111.47,1
2015-09-09,105.6,107.92,109.49,110.54,111.47,111.59,1
2015-09-10,107.92,109.49,110.54,111.47,111.59,109.22,0
2015-09-11,109.49,110.54,111.47,111.59,109.22,108.76,0
2015-09-14,110.54,111.47,111.59,109.22,108.76,110.44,1
2015-09-15,111.47,111.59,109.22,108.76,110.44,108.71,0
2015-09-16,111.59,109.22,108.76,110.44,108.71,109.59,1
2015-09-17,109.22,108.76,110.44,108.71,109.59,110.24,1
2015-09-18,108.76,110.44,108.71,109.59,110.24,109.96,0
2015-09-21,110.44,108.71,109.59,110.24,109.96,107.8,0
2015-09-22,108.71,109.59,110.24,109.96,107.8,104.55,0
2015-09-23,109.59,110.24,109.96,107.8,104.55,105.74,1
2015-09-24,110.24,109.96,107.8,104.55,105.74,105.04,0
2015-09-25,109.96,107.8,104.55,105.74,105.04,105.82,1
2015-09-28,107.8,104.55,105.74,105.04,105.82,106.2,1
2015-09-29,104.55,105.74,105.04,105.82,106.2,106.71,1
2015-09-30,105.74,105.04,105.82,106.2,106.71,106.2,0
2015-10-01,105.04,105.82,106.2,106.71,106.2,104.96,0
2015-10-02,105.82,106.2,106.71,106.2,104.96,107.49,1
2015-10-05,106.2,106.71,106.2,104.96,107.49,106.99,0
2015-10-06,106.71,106.2,104.96,107.49,106.99,107.16,1
2015-10-07,106.2,104.96,107.49,106.99,107.16,105.66,0
2015-10-08,104.96,107.49,106.99,107.16,105.66,107.23,1
2015-10-09,107.49,106.99,107.16,105.66,107.23,106.44,0
2015-10-12,106.99,107.16,105.66,107.23,106.44,107.1,1
2015-10-13,107.16,105.66,107.23,106.44,107.1,109.08,1
2015-10-14,105.66,107.23,106.44,107.1,109.08,109.07,0
2015-10-15,107.23,106.44,107.1,109.08,109.07,110.72,1
2015-10-16,106.44,107.1,109.08,109.07,110.72,114.16,1
2015-10-19,107.1,109.08,109.07,110.72,114.16,110.51,0
2015-10-20,109.08,109.07,110.72,114.16,110.51,109.81,0
2015-10-21,109.07,110.72,114.16,110.51,109.81,114.34,1
2015-10-22,110.72,114.16,110.51,109.81,114.34,115.54,1
2015-10-23,114.16,110.51,109.81,114.34,115.54,114.56,0
2015-10-26,110.51,109.81,114.34,115.54,114.56,116.16,1
2015-10-27,109.81,114.34,115.54,114.56,116.16,117.51,1
2015-10-28,114.34,115.54,114.56,116.16,117.51,116.95,0
2015-10-29,115.54,114.56,116.16,117.51,116.95,116.42,0
2015-10-30,114.56,116.16,117.51,116.95,116.42,116.56,1
2015-11-02,116.16,117.51,116.95,116.42,116.56,116.07,0
2015-11-03,117.51,116.95,116.42,116.56,116.07,112.43,0
2015-11-04,116.95,116.42,116.56,116.07,112.43,111.79,0
2015-11-05,116.42,116.56,116.07,112.43,111.79,111.41,0
2015-11-06,116.56,116.07,112.43,111.79,111.41,108.15,0
2015-11-09,116.07,112.43,111.79,111.41,108.15,109.92,1
2015-11-10,112.43,111.79,111.41,108.15,109.92,109.46,0
2015-11-11,111.79,111.41,108.15,109.92,109.46,112.91,1
2015-11-12,111.41,108.15,109.92,109.46,112.91,114.36,1
2015-11-13,108.15,109.92,109.46,112.91,114.36,114.86,1
2015-11-16,109.92,109.46,112.91,114.36,114.86,113.35,0
2015-11-17,109.46,112.91,114.36,114.86,113.35,114.45,1
2015-11-18,112.91,114.36,114.86,113.35,114.45,113.63,0
2015-11-19,114.36,114.86,113.35,114.45,113.63,113.41,0
2015-11-20,114.86,113.35,114.45,113.63,113.41,113.9,1
2015-11-23,113.35,114.45,113.63,113.41,113.9,112.95,0
2015-11-24,114.45,113.63,113.41,113.9,112.95,111.95,0
2015-11-25,113.63,113.41,113.9,112.95,111.95,110.91,0
2015-11-27,113.41,113.9,112.95,111.95,110.91,114.6,1
2015-11-30,113.9,112.95,111.95,110.91,114.6,113.88,0
2015-12-01,112.95,111.95,110.91,114.6,113.88,113.83,0
2015-12-02,111.95,110.91,114.6,113.88,113.83,111.31,0
2015-12-03,110.91,114.6,113.88,113.83,111.31,111.84,1
2015-12-04,114.6,113.88,113.83,111.31,111.84,108.97,0
2015-12-07,113.88,113.83,111.31,111.84,108.97,108.29,0
2015-12-08,113.83,111.31,111.84,108.97,108.29,106.37,0
2015-12-09,111.31,111.84,108.97,108.29,106.37,107.19,1
2015-12-10,111.84,108.97,108.29,106.37,107.19,104.91,0
2015-12-11,108.97,108.29,106.37,107.19,104.91,102.09,0
2015-12-14,108.29,106.37,107.19,104.91,102.09,103.33,1
2015-12-15,106.37,107.19,104.91,102.09,103.33,103.23,0
2015-12-16,107.19,104.91,102.09,103.33,103.23,104.56,1
2015-12-17,104.91,102.09,103.33,103.23,104.56,104.01,0
2015-12-18,102.09,103.33,103.23,104.56,104.01,102.83,0
2015-12-21,103.33,103.23,104.56,104.01,102.83,104.68,1
2015-12-22,103.23,104.56,104.01,102.83,104.68,103.32,0
2015-12-23,104.56,104.01,102.83,104.68,103.32,101.35,0
2015-12-24,104.01,102.83,104.68,103.32,101.35,101.44,1
2015-12-28,102.83,104.68,103.32,101.35,101.44,98.885,0
2015-12-29,104.68,103.32,101.35,101.44,98.885,96.949,0
2015-12-30,103.32,101.35,101.44,98.885,96.949,92.857,0
2015-12-31,101.35,101.44,98.885,96.949,92.857,93.349,1
2016-01-04,101.44,98.885,96.949,92.857,93.349,94.86,1
2016-01-05,98.885,96.949,92.857,93.349,94.86,96.238,1
2016-01-06,96.949,92.857,93.349,94.86,96.238,93.762,0
2016-01-07,92.857,93.349,94.86,96.238,93.762,95.814,1
2016-01-08,93.349,94.86,96.238,93.762,95.814,93.512,0
2016-01-11,94.86,96.238,93.762,95.814,93.512,93.059,0
2016-01-12,96.238,93.762,95.814,93.512,93.059,93.184,1
2016-01-13,93.762,95.814,93.512,93.059,93.184,92.712,0
2016-01-14,95.814,93.512,93.059,93.184,92.712,97.641,1
2016-01-15,93.512,93.059,93.184,92.712,97.641,95.736,0
2016-01-19,93.059,93.184,92.712,97.641,95.736,96.266,1
2016-01-20,93.184,92.712,97.641,95.736,96.266,89.941,0
2016-01-21,92.712,97.641,95.736,96.266,89.941,90.585,1
2016-01-22,97.641,95.736,96.266,89.941,90.585,93.715,1
2016-01-25,95.736,96.266,89.941,90.585,93.715,92.839,0
2016-01-26,96.266,89.941,90.585,93.715,92.839,90.961,0
2016-01-27,89.941,90.585,93.715,92.839,90.961,92.761,1
2016-01-28,90.585,93.715,92.839,90.961,92.761,93.506,1
2016-01-29,93.715,92.839,90.961,92.761,93.506,91.009,0
2016-02-01,92.839,90.961,92.761,93.506,91.009,91.968,1
2016-02-02,90.961,92.761,93.506,91.009,91.968,91.948,0
2016-02-03,92.761,93.506,91.009,91.968,91.948,91.252,0
2016-02-04,93.506,91.009,91.968,91.948,91.252,90.7,0
2016-02-05,91.009,91.968,91.948,91.252,90.7,90.98,1
2016-02-08,91.968,91.948,91.252,90.7,90.98,93.545,1
2016-02-09,91.948,91.252,90.7,90.98,93.545,94.979,1
2016-02-10,91.252,90.7,90.98,93.545,94.979,93.177,0
2016-02-11,90.7,90.98,93.545,94.979,93.177,92.965,0
2016-02-12,90.98,93.545,94.979,93.177,92.965,93.778,1
2016-02-16,93.545,94.979,93.177,92.965,93.778,91.659,0
2016-02-17,94.979,93.177,92.965,93.778,91.659,93.022,1
2016-02-18,93.177,92.965,93.778,91.659,93.022,93.66,1
2016-02-19,92.965,93.778,91.659,93.022,93.66,93.808,1
2016-02-22,93.778,91.659,93.022,93.66,93.808,93.594,0
2016-02-23,91.659,93.022,93.66,93.808,93.594,97.309,1
2016-02-24,93.022,93.66,93.808,93.594,97.309,97.522,1
2016-02-25,93.66,93.808,93.594,97.309,97.522,98.26,1
2016-02-26,93.808,93.594,97.309,97.522,98.26,99.73,1
2016-02-29,93.594,97.309,97.522,98.26,99.73,98.607,0
2016-03-01,97.309,97.522,98.26,99.73,98.607,97.797,0
2016-03-02,97.522,98.26,99.73,98.607,97.797,97.885,1
2016-03-03,98.26,99.73,98.607,97.797,97.885,97.935,1
2016-03-04,99.73,98.607,97.797,97.885,97.935,98.984,1
2016-03-07,98.607,97.797,97.885,97.935,98.984,99.233,1
2016-03-08,97.797,97.885,97.935,98.984,99.233,101.24,1
2016-03-09,97.885,97.935,98.984,99.233,101.24,102.57,1
2016-03-10,97.935,98.984,99.233,101.24,102.57,102.41,0
2016-03-11,98.984,99.233,101.24,102.57,102.41,102.53,1
2016-03-14,99.233,101.24,102.57,102.41,102.53,102.52,0
2016-03-15,101.24,102.57,102.41,102.53,102.52,103.3,1
2016-03-16,102.57,102.41,102.53,102.52,103.3,102.73,0
2016-03-17,102.41,102.53,102.52,103.3,102.73,102.28,0
2016-03-18,102.53,102.52,103.3,102.73,102.28,101.82,0
2016-03-21,102.52,103.3,102.73,102.28,101.82,104.24,1
2016-03-22,103.3,102.73,102.28,101.82,104.24,106.05,1
2016-03-23,102.73,102.28,101.82,104.24,106.05,105.5,0
2016-03-24,102.28,101.82,104.24,106.05,105.5,106.46,1
2016-03-28,101.82,104.24,106.05,105.5,106.46,107.56,1
2016-03-29,104.24,106.05,105.5,106.46,107.56,106.3,0
2016-03-30,106.05,105.5,106.46,107.56,106.3,107.41,1
2016-03-31,105.5,106.46,107.56,106.3,107.41,105.06,0
2016-04-01,106.46,107.56,106.3,107.41,105.06,105.18,1
2016-04-04,107.56,106.3,107.41,105.06,105.18,105.53,1
2016-04-05,106.3,107.41,105.06,105.18,105.53,106.91,1
2016-04-06,107.41,105.06,105.18,105.53,106.91,108.44,1
2016-04-07,105.06,105.18,105.53,106.91,108.44,108.5,1
2016-04-08,105.18,105.53,106.91,108.44,108.5,106.34,0
2016-04-11,105.53,106.91,108.44,108.5,106.34,104.04,0
2016-04-12,106.91,108.44,108.5,106.34,104.04,103.49,0
2016-04-13,108.44,108.5,106.34,104.04,103.49,103.71,1
2016-04-14,108.5,106.34,104.04,103.49,103.71,102.57,0
2016-04-15,106.34,104.04,103.49,103.71,102.57,102.29,0
2016-04-18,104.04,103.49,103.71,102.57,102.29,101.71,0
2016-04-19,103.49,103.71,102.57,102.29,101.71,101.01,0
2016-04-20,103.71,102.57,102.29,101.71,101.01,94.678,0
2016-04-21,102.57,102.29,101.71,101.01,94.678,91.792,0
2016-04-22,102.29,101.71,101.01,94.678,91.792,90.739,0
2016-04-25,101.71,101.01,94.678,91.792,90.739,90.641,0
2016-04-26,101.01,94.678,91.792,90.739,90.641,92.132,1
2016-04-27,94.678,91.792,90.739,90.641,92.132,91.174,0
2016-04-28,91.792,90.739,90.641,92.132,91.174,90.804,0
2016-04-29,90.739,90.641,92.132,91.174,90.804,90.296,0
2016-05-02,90.641,92.132,91.174,90.804,90.296,90.366,1
2016-05-03,92.132,91.174,90.804,90.296,90.366,90.979,1
2016-05-04,91.174,90.804,90.296,90.366,90.979,90.093,0
2016-05-05,90.804,90.296,90.366,90.979,90.093,87.979,0
2016-05-06,90.296,90.366,90.979,90.093,87.979,88.154,1
2016-05-09,90.366,90.979,90.093,87.979,88.154,91.427,1
2016-05-10,90.979,90.093,87.979,88.154,91.427,91.047,0
2016-05-11,90.093,87.979,88.154,91.427,91.047,92.09,1
2016-05-12,87.979,88.154,91.427,91.047,92.09,91.737,0
2016-05-13,88.154,91.427,91.047,92.09,91.737,92.732,1
2016-05-16,91.427,91.047,92.09,91.737,92.732,93.909,1
2016-05-17,91.047,92.09,91.737,92.732,93.909,95.342,1
2016-05-18,92.09,91.737,92.732,93.909,95.342,96.998,1
2016-05-19,91.737,92.732,93.909,95.342,96.998,97.787,1
2016-05-20,92.732,93.909,95.342,96.998,97.787,97.729,0
2016-05-23,93.909,95.342,96.998,97.787,97.729,97.251,0
2016-05-24,95.342,96.998,97.787,97.729,97.251,95.886,0
2016-05-25,96.998,97.787,97.729,97.251,95.886,95.167,0
2016-05-26,97.787,97.729,97.251,95.886,95.167,95.361,1
2016-05-27,97.729,97.251,95.886,95.167,95.361,96.054,1
2016-05-31,97.251,95.886,95.167,95.361,96.054,96.442,1
2016-06-01,95.886,95.167,95.361,96.054,96.442,96.354,0
2016-06-02,95.167,95.361,96.054,96.442,96.354,97.046,1
2016-06-03,95.361,96.054,96.442,96.354,97.046,96.258,0
2016-06-06,96.054,96.442,96.354,97.046,96.258,94.796,0
2016-06-07,96.442,96.354,97.046,96.258,94.796,94.914,1
2016-06-08,96.354,97.046,96.258,94.796,94.914,94.602,0
2016-06-09,97.046,96.258,94.796,94.914,94.602,95.0,1
2016-06-10,96.258,94.796,94.914,94.602,95.0,92.839,0
2016-06-13,94.796,94.914,94.602,95.0,92.839,92.616,0
2016-06-14,94.914,94.602,95.0,92.839,92.616,93.404,1
2016-06-15,94.602,95.0,92.839,92.616,93.404,93.063,0
2016-06-16,95.0,92.839,92.616,93.404,93.063,93.589,1
2016-06-17,92.839,92.616,93.404,93.063,93.589,90.96,0
2016-06-20,92.616,93.404,93.063,93.589,90.96,89.635,0
2016-06-21,93.404,93.063,93.589,90.96,89.635,91.145,1
2016-06-22,93.063,93.589,90.96,89.635,91.145,91.934,1
2016-06-23,93.589,90.96,89.635,91.145,91.934,93.102,1
2016-06-24,90.96,89.635,91.145,91.934,93.102,93.384,1
2016-06-27,89.635,91.145,91.934,93.102,93.384,92.556,0
2016-06-28,91.145,91.934,93.102,93.384,92.556,93.034,1
2016-06-29,91.934,93.102,93.384,92.556,93.034,93.433,1
2016-06-30,93.102,93.384,92.556,93.034,93.433,94.154,1
2016-07-01,93.384,92.556,93.034,93.433,94.154,94.445,1
2016-07-05,92.556,93.034,93.433,94.154,94.445,94.874,1
2016-07-06,93.034,93.433,94.154,94.445,94.874,94.339,0
2016-07-07,93.433,94.154,94.445,94.874,94.339,96.199,1
2016-07-08,94.154,94.445,94.874,94.339,96.199,96.199,0
2016-07-11,94.445,94.874,94.339,96.199,96.199,97.222,1
2016-07-12,94.874,94.339,96.199,96.199,97.222,97.261,1
2016-07-13,94.339,96.199,96.199,97.222,97.261,97.347,1
2016-07-14,96.199,96.199,97.222,97.261,97.347,96.831,0
2016-07-15,96.199,97.222,97.261,97.347,96.831,96.082,0
2016-07-18,97.222,97.261,97.347,96.831,96.082,94.796,0
2016-07-19,97.261,97.347,96.831,96.082,94.796,94.144,0
2016-07-20,97.347,96.831,96.082,94.796,94.144,100.26,1
2016-07-21,96.831,96.082,94.796,94.144,100.26,101.61,1
2016-07-22,96.082,94.796,94.144,100.26,101.61,101.49,0
2016-07-25,94.796,94.144,100.26,101.61,101.49,103.28,1
2016-07-26,94.144,100.26,101.61,101.49,103.28,101.75,0
2016-07-27,100.26,101.61,101.49,103.28,101.75,103.02,1
2016-07-28,101.61,101.49,103.28,101.75,103.02,103.67,1
2016-07-29,101.49,103.28,101.75,103.02,103.67,105.23,1
2016-08-01,103.28,101.75,103.02,103.67,105.23,106.11,1
2016-08-02,101.75,103.02,103.67,105.23,106.11,106.54,1
2016-08-03,103.02,103.67,105.23,106.11,106.54,105.75,0
2016-08-04,103.67,105.23,106.11,106.54,105.75,105.68,0
2016-08-05,105.23,106.11,106.54,105.75,105.68,105.93,1
2016-08-08,106.11,106.54,105.75,105.68,105.93,107.19,1
2016-08-09,106.54,105.75,105.68,105.93,107.19,107.1,0
2016-08-10,105.75,105.68,105.93,107.19,107.1,106.93,0
2016-08-11,105.68,105.93,107.19,107.1,106.93,106.81,0
2016-08-12,105.93,107.19,107.1,106.93,106.81,107.08,1
2016-08-15,107.19,107.1,106.93,106.81,107.08,106.25,0
2016-08-16,107.1,106.93,106.81,107.08,106.25,106.58,1
2016-08-17,106.93,106.81,107.08,106.25,106.58,105.78,0
2016-08-18,106.81,107.08,106.25,106.58,105.78,105.32,0
2016-08-19,107.08,106.25,106.58,105.78,105.32,104.7,0
2016-08-22,106.25,106.58,105.78,105.32,104.7,104.59,0
2016-08-23,106.58,105.78,105.32,104.7,104.59,103.78,0
2016-08-24,105.78,105.32,104.7,104.59,103.78,103.89,1
2016-08-25,105.32,104.7,104.59,103.78,103.89,104.5,1
2016-08-26,104.7,104.59,103.78,103.89,104.5,105.48,1
2016-08-29,104.59,103.78,103.89,104.5,105.48,105.45,0
2016-08-30,103.78,103.89,104.5,105.48,105.45,106.1,1
2016-08-31,103.89,104.5,105.48,105.45,106.1,103.32,0
2016-09-01,104.5,105.48,105.45,106.1,103.32,100.98,0
2016-09-02,105.48,105.45,106.1,103.32,100.98,103.24,1
2016-09-06,105.45,106.1,103.32,100.98,103.24,105.7,1
2016-09-07,106.1,103.32,100.98,103.24,105.7,109.44,1
2016-09-08,103.32,100.98,103.24,105.7,109.44,113.15,1
2016-09-09,100.98,103.24,105.7,109.44,113.15,112.53,0
2016-09-12,103.24,105.7,109.44,113.15,112.53,111.21,0
2016-09-13,105.7,109.44,113.15,112.53,111.21,111.2,0
2016-09-14,109.44,113.15,112.53,111.21,111.2,111.18,0
2016-09-15,113.15,112.53,111.21,111.2,111.18,112.23,1
2016-09-16,112.53,111.21,111.2,111.18,112.23,110.36,0
2016-09-19,111.21,111.2,111.18,112.23,110.36,110.52,1
2016-09-20,111.2,111.18,112.23,110.36,110.52,110.72,1
2016-09-21,111.18,112.23,110.36,110.52,110.72,111.58,1
2016-09-22,112.23,110.36,110.52,110.72,111.58,109.85,0
2016-09-23,110.36,110.52,110.72,111.58,109.85,110.68,1
2016-09-26,110.52,110.72,111.58,109.85,110.68,110.18,0
2016-09-27,110.72,111.58,109.85,110.68,110.18,110.63,1
2016-09-28,111.58,109.85,110.68,110.18,110.63,110.68,1
2016-09-29,109.85,110.68,110.18,110.63,110.68,111.52,1
2016-09-30,110.68,110.18,110.63,110.68,111.52,111.69,1
2016-10-03,110.18,110.63,110.68,111.52,111.69,113.63,1
2016-10-04,110.63,110.68,111.52,111.69,113.63,113.88,1
2016-10-05,110.68,111.52,111.69,113.63,113.88,114.9,1
2016-10-06,111.52,111.69,113.63,113.88,114.9,114.54,0
2016-10-07,111.69,113.63,113.88,114.9,114.54,115.18,1
2016-10-10,113.63,113.88,114.9,114.54,115.18,115.11,0
2016-10-11,113.88,114.9,114.54,115.18,115.11,115.03,0
2016-10-12,114.9,114.54,115.18,115.11,115.03,114.68,0
2016-10-13,114.54,115.18,115.11,115.03,114.68,114.62,0
2016-10-14,115.18,115.11,115.03,114.68,114.62,114.17,0
2016-10-17,115.11,115.03,114.68,114.62,114.17,115.2,1
2016-10-18,115.03,114.68,114.62,114.17,115.2,115.78,1
2016-10-19,114.68,114.62,114.17,115.2,115.78,113.17,0
2016-10-20,114.62,114.17,115.2,115.78,113.17,112.1,0
2016-10-21,114.17,115.2,115.78,113.17,112.1,111.35,0
2016-10-24,115.2,115.78,113.17,112.1,111.35,111.17,0
2016-10-25,115.78,113.17,112.1,111.35,111.17,109.17,0
2016-10-26,113.17,112.1,111.35,111.17,109.17,109.27,1
2016-10-27,112.1,111.35,111.17,109.17,109.27,108.09,0
2016-10-28,111.35,111.17,109.17,109.27,108.09,107.11,0
2016-10-31,111.17,109.17,109.27,108.09,107.11,108.66,1
2016-11-01,109.17,109.27,108.09,107.11,108.66,109.31,1
2016-11-02,109.27,108.09,107.11,108.66,109.31,109.13,0
2016-11-03,108.09,107.11,108.66,109.31,109.13,106.08,0
2016-11-04,107.11,108.66,109.31,109.13,106.08,106.72,1
2016-11-07,108.66,109.31,109.13,106.08,106.72,104.04,0
2016-11-08,109.31,109.13,106.08,106.72,104.04,105.41,1
2016-11-09,109.13,106.08,106.72,104.04,105.41,108.25,1
2016-11-10,106.08,106.72,104.04,105.41,108.25,108.21,0
2016-11-11,106.72,104.04,105.41,108.25,108.21,108.31,1
2016-11-14,104.04,105.41,108.25,108.21,108.31,109.96,1
2016-11-15,105.41,108.25,108.21,108.31,109.96,110.03,1
2016-11-16,108.25,108.21,108.31,109.96,110.03,109.47,0
2016-11-17,108.21,108.31,109.96,110.03,109.47,110.02,1
2016-11-18,108.31,109.96,110.03,109.47,110.02,109.81,0
2016-11-21,109.96,110.03,109.47,110.02,109.81,109.7,0
2016-11-22,110.03,109.47,110.02,109.81,109.7,108.77,0
2016-11-23,109.47,110.02,109.81,109.7,108.77,107.76,0
2016-11-25,110.02,109.81,109.7,108.77,107.76,108.16,1
2016-11-28,109.81,109.7,108.77,107.76,108.16,107.38,0
2016-11-29,109.7,108.77,107.76,108.16,107.38,108.21,1
2016-11-30,108.77,107.76,108.16,107.38,108.21,109.28,1
2016-12-01,107.76,108.16,107.38,108.21,109.28,110.35,1
2016-12-02,108.16,107.38,108.21,109.28,110.35,112.15,1
2016-12-05,107.38,108.21,109.28,110.35,112.15,111.51,0
2016-12-06,108.21,109.28,110.35,112.15,111.51,113.36,1
2016-12-07,109.28,110.35,112.15,111.51,113.36,113.36,0
2016-12-08,110.35,112.15,111.51,113.36,113.36,113.99,1
2016-12-09,112.15,111.51,113.36,113.36,113.99,114.14,1
2016-12-12,111.51,113.36,113.36,113.99,114.14,114.8,1
2016-12-13,113.36,113.36,113.99,114.14,114.8,115.11,1
2016-12-14,113.36,113.99,114.14,114.8,115.11,115.21,1
2016-12-15,113.99,114.14,114.8,115.11,115.21,114.45,0
2016-12-16,114.14,114.8,115.11,115.21,114.45,114.68,1
2016-12-19,114.8,115.11,115.21,114.45,114.68,115.41,1
2016-12-20,115.11,115.21,114.45,114.68,115.41,114.92,0
2016-12-21,115.21,114.45,114.68,115.41,114.92,114.89,0
2016-12-22,114.45,114.68,115.41,114.92,114.89,113.99,0
2016-12-23,114.68,115.41,114.92,114.89,113.99,114.31,1
2016-12-27,115.41,114.92,114.89,113.99,114.31,114.19,0
2016-12-28,114.92,114.89,113.99,114.31,114.19,114.77,1
2016-12-29,114.89,113.99,114.31,114.19,114.77,116.04,1
2016-12-30,113.99,114.31,114.19,114.77,116.04,117.11,1
2017-01-03,114.31,114.19,114.77,116.04,117.11,117.23,1
2017-01-04,114.19,114.77,116.04,117.11,117.23,117.86,1
2017-01-05,114.77,116.04,117.11,117.23,117.86,117.37,0
2017-01-06,116.04,117.11,117.23,117.86,117.37,117.16,0
2017-01-09,117.11,117.23,117.86,117.37,117.16,118.1,1
2017-01-10,117.23,117.86,117.37,117.16,118.1,118.09,0
2017-01-11,117.86,117.37,117.16,118.1,118.09,117.89,0
2017-01-12,117.37,117.16,118.1,118.09,117.89,118.1,1
2017-01-13,117.16,118.1,118.09,117.89,118.1,118.19,1
2017-01-17,118.1,118.09,117.89,118.1,118.19,118.07,0
2017-01-18,118.09,117.89,118.1,118.19,118.07,119.95,1
2017-01-19,117.89,118.1,118.19,118.07,119.95,120.01,1
2017-01-20,118.1,118.19,118.07,119.95,120.01,120.02,1
2017-01-23,118.19,118.07,119.95,120.01,120.02,119.7,0
2017-01-24,118.07,119.95,120.01,120.02,119.7,119.43,0
2017-01-25,119.95,120.01,120.02,119.7,119.43,126.7,1
2017-01-26,120.01,120.02,119.7,119.43,126.7,126.5,0
2017-01-27,120.02,119.7,119.43,126.7,126.5,127.03,1
2017-01-30,119.7,119.43,126.7,126.5,127.03,128.23,1
2017-01-31,119.43,126.7,126.5,127.03,128.23,129.44,1
2017-02-01,126.7,126.5,127.03,128.23,129.44,129.95,1
2017-02-02,126.5,127.03,128.23,129.44,129.95,130.89,1
2017-02-03,127.03,128.23,129.44,129.95,130.89,130.6,0
2017-02-06,128.23,129.44,129.95,130.89,130.6,131.75,1
2017-02-07,129.44,129.95,130.89,130.6,131.75,133.45,1
2017-02-08,129.95,130.89,130.6,131.75,133.45,133.94,1
2017-02-09,130.89,130.6,131.75,133.45,133.94,133.78,0
2017-02-10,130.6,131.75,133.45,133.94,133.78,134.15,1
2017-02-13,131.75,133.45,133.94,133.78,134.15,135.12,1
2017-02-14,133.45,133.94,133.78,134.15,135.12,135.53,1
2017-02-15,133.94,133.78,134.15,135.12,135.53,134.92,0
2017-02-16,133.78,134.15,135.12,135.53,134.92,135.08,1
2017-02-17,134.15,135.12,135.53,134.92,135.08,135.35,1
2017-02-21,135.12,135.53,134.92,135.08,135.35,135.41,1
2017-02-22,135.53,134.92,135.08,135.35,135.41,138.18,1
2017-02-23,134.92,135.08,135.35,135.41,138.18,137.36,0
2017-02-24,135.08,135.35,135.41,138.18,137.36,138.17,1
2017-02-27,135.35,135.41,138.18,137.36,138.17,137.73,0
2017-02-28,135.41,138.18,137.36,138.17,137.73,137.91,1
2017-03-01,138.18,137.36,138.17,137.73,137.91,137.4,0
2017-03-02,137.36,138.17,137.73,137.91,137.4,137.08,0
2017-03-03,138.17,137.73,137.91,137.4,137.08,137.54,1
2017-03-06,137.73,137.91,137.4,137.08,137.54,137.6,1
2017-03-07,137.91,137.4,137.08,137.54,137.6,137.39,0
2017-03-08,137.4,137.08,137.54,137.6,137.39,138.83,1
2017-03-09,137.08,137.54,137.6,137.39,138.83,139.06,1
2017-03-10,137.54,137.6,137.39,138.83,139.06,138.36,0
2017-03-13,137.6,137.39,138.83,139.06,138.36,139.83,1
2017-03-14,137.39,138.83,139.06,138.36,139.83,138.23,0
2017-03-15,138.83,139.06,138.36,139.83,138.23,139.79,1
2017-03-16,139.06,138.36,139.83,138.23,139.79,139.29,0
2017-03-17,138.36,139.83,138.23,139.79,139.29,139.01,0
2017-03-20,139.83,138.23,139.79,139.29,139.01,139.25,1
2017-03-21,138.23,139.79,139.29,139.01,139.25,142.14,1
2017-03-22,139.79,139.29,139.01,139.25,142.14,142.46,1
2017-03-23,139.29,139.01,139.25,142.14,142.46,142.27,0
2017-03-24,139.01,139.25,142.14,142.46,142.27,142.0,0
2017-03-27,139.25,142.14,142.46,142.27,142.0,142.04,1
2017-03-28,142.14,142.46,142.27,142.0,142.04,143.1,1
2017-03-29,142.46,142.27,142.0,142.04,143.1,142.36,0
2017-03-30,142.27,142.0,142.04,143.1,142.36,142.0,0
2017-03-31,142.0,142.04,143.1,142.36,142.0,141.68,0
2017-04-03,142.04,143.1,142.36,142.0,141.68,141.51,0
2017-04-04,143.1,142.36,142.0,141.68,141.51,140.0,0
2017-04-05,142.36,142.0,141.68,141.51,140.0,140.17,1
2017-04-06,142.0,141.68,141.51,140.0,140.17,139.42,0
2017-04-07,141.68,141.51,140.0,140.17,139.42,140.2,1
2017-04-10,141.51,140.0,140.17,139.42,140.2,139.57,0
2017-04-11,140.0,140.17,139.42,140.2,139.57,139.05,0
2017-04-12,140.17,139.42,140.2,139.57,139.05,140.79,1
2017-04-13,139.42,140.2,139.57,139.05,140.79,140.63,0
2017-04-17,140.2,139.57,139.05,140.79,140.63,141.98,1
2017-04-18,139.57,139.05,140.79,140.63,141.98,142.87,1
2017-04-19,139.05,140.79,140.63,141.98,142.87,142.02,0
2017-04-20,140.79,140.63,141.98,142.87,142.02,142.13,1
2017-04-21,140.63,141.98,142.87,142.02,142.13,141.99,0
2017-04-24,141.98,142.87,142.02,142.13,141.99,144.89,1
2017-04-25,142.87,142.02,142.13,141.99,144.89,145.81,1
2017-04-26,142.02,142.13,141.99,144.89,145.81,145.37,0
2017-04-27,142.13,141.99,144.89,145.81,145.37,144.84,0
2017-04-28,141.99,144.89,145.81,145.37,144.84,147.24,1
2017-05-01,144.89,145.81,145.37,144.84,147.24,151.24,1
2017-05-02,145.81,145.37,144.84,147.24,151.24,152.21,1
2017-05-03,145.37,144.84,147.24,151.24,152.21,151.49,0
2017-05-04,144.84,147.24,151.24,152.21,151.49,152.8,1
2017-05-05,147.24,151.24,152.21,151.49,152.8,154.93,1
2017-05-08,151.24,152.21,151.49,152.8,154.93,154.53,0
2017-05-09,152.21,151.49,152.8,154.93,154.53,154.31,0
2017-05-10,151.49,152.8,154.93,154.53,154.31,149.12,0
2017-05-11,152.8,154.93,154.53,154.31,149.12,151.4,1
2017-05-12,154.93,154.53,154.31,149.12,151.4,151.91,1
2017-05-15,154.53,154.31,149.12,151.4,151.91,152.84,1
2017-05-16,154.31,149.12,151.4,151.91,152.84,152.65,0
2017-05-17,149.12,151.4,151.91,152.84,152.65,152.19,0
2017-05-18,151.4,151.91,152.84,152.65,152.19,152.72,1
2017-05-19,151.91,152.84,152.65,152.19,152.72,152.46,0
2017-05-22,152.84,152.65,152.19,152.72,152.46,152.52,1
2017-05-23,152.65,152.19,152.72,152.46,152.52,151.61,0
2017-05-24,152.19,152.72,152.46,152.52,151.61,152.03,1
2017-05-25,152.72,152.46,152.52,151.61,152.03,154.29,1
2017-05-26,152.46,152.52,151.61,152.03,154.29,152.78,0
2017-05-30,152.52,151.61,152.03,154.29,152.78,153.3,1
2017-05-31,151.61,152.03,154.29,152.78,153.3,154.21,1
2017-06-01,152.03,154.29,152.78,153.3,154.21,153.83,0
2017-06-02,154.29,152.78,153.3,154.21,153.83,147.87,0
2017-06-05,152.78,153.3,154.21,153.83,147.87,144.33,0
2017-06-06,153.3,154.21,153.83,147.87,144.33,145.5,1
2017-06-07,154.21,153.83,147.87,144.33,145.5,144.07,0
2017-06-08,153.83,147.87,144.33,145.5,144.07,143.22,0
2017-06-09,147.87,144.33,145.5,144.07,143.22,141.2,0
2017-06-12,144.33,145.5,144.07,143.22,141.2,145.25,1
2017-06-13,145.5,144.07,143.22,141.2,145.25,143.92,0
2017-06-14,144.07,143.22,141.2,145.25,143.92,144.78,1
2017-06-15,143.22,141.2,145.25,143.92,144.78,144.54,0
2017-06-16,141.2,145.25,143.92,144.78,144.54,145.19,1
2017-06-19,145.25,143.92,144.78,144.54,145.19,144.73,0
2017-06-20,143.92,144.78,144.54,145.19,144.73,142.66,0
2017-06-21,144.78,144.54,145.19,144.73,142.66,144.74,1
2017-06-22,144.54,145.19,144.73,142.66,144.74,142.61,0
2017-06-23,145.19,144.73,142.66,144.74,142.61,142.95,1
2017-06-26,144.73,142.66,144.74,142.61,142.95,142.43,0
2017-06-27,142.66,144.74,142.61,142.95,142.43,143.02,1
2017-06-28,144.74,142.61,142.95,142.43,143.02,141.66,0
2017-06-29,142.61,142.95,142.43,143.02,141.66,143.11,1
2017-06-30,142.95,142.43,143.02,141.66,143.11,143.97,1
2017-07-03,142.43,143.02,141.66,143.11,143.97,144.44,1
2017-07-05,143.02,141.66,143.11,143.97,144.44,144.65,1
2017-07-06,141.66,143.11,143.97,144.44,144.65,146.66,1
2017-07-07,143.11,143.97,144.44,144.65,146.66,147.93,1
2017-07-10,143.97,144.44,144.65,146.66,147.93,148.44,1
2017-07-11,144.44,144.65,146.66,147.93,148.44,148.95,1
2017-07-12,144.65,146.66,147.93,148.44,148.95,149.89,1
2017-07-13,146.66,147.93,148.44,148.95,149.89,149.21,0
2017-07-14,147.93,148.44,148.95,149.89,149.21,149.14,0
2017-07-17,148.44,148.95,149.89,149.21,149.14,150.96,1
2017-07-18,148.95,149.89,149.21,149.14,150.96,151.6,1
2017-07-19,149.89,149.21,149.14,150.96,151.6,152.31,1
2017-07-20,149.21,149.14,150.96,151.6,152.31,149.43,0
2017-07-21,149.14,150.96,151.6,152.31,149.43,148.39,0
2017-07-24,150.96,151.6,152.31,149.43,148.39,147.62,0
2017-07-25,151.6,152.31,149.43,148.39,147.62,148.92,1
2017-07-26,152.31,149.43,148.39,147.62,148.92,155.97,1
2017-07-27,149.43,148.39,147.62,148.92,155.97,154.4,0
2017-07-28,148.39,147.62,148.92,155.97,154.4,155.22,1
2017-07-31,147.62,148.92,155.97,154.4,155.22,157.62,1
2017-08-01,148.92,155.97,154.4,155.22,157.62,158.88,1
2017-08-02,155.97,154.4,155.22,157.62,158.88,159.86,1
2017-08-03,154.4,155.22,157.62,158.88,159.86,154.76,0
2017-08-04,155.22,157.62,158.88,159.86,154.76,156.92,1
2017-08-07,157.62,158.88,159.86,154.76,156.92,159.28,1
2017-08-08,158.88,159.86,154.76,156.92,159.28,161.02,1
2017-08-09,159.86,154.76,156.92,159.28,161.02,160.37,0
2017-08-10,154.76,156.92,159.28,161.02,160.37,157.29,0
2017-08-11,156.92,159.28,161.02,160.37,157.29,156.94,0
2017-08-14,159.28,161.02,160.37,157.29,156.94,156.65,0
2017-08-15,161.02,160.37,157.29,156.94,156.65,159.21,1
2017-08-16,160.37,157.29,156.94,156.65,159.21,159.41,1
2017-08-17,157.29,156.94,156.65,159.21,159.41,158.7,0
2017-08-18,156.94,156.65,159.21,159.41,158.7,159.29,1
2017-08-21,156.65,159.21,159.41,158.7,159.29,160.89,1
2017-08-22,159.21,159.41,158.7,159.29,160.89,162.33,1
2017-08-23,159.41,158.7,159.29,160.89,162.33,162.76,1
2017-08-24,158.7,159.29,160.89,162.33,162.76,163.41,1
2017-08-25,159.29,160.89,162.33,162.76,163.41,163.46,1
2017-08-28,160.89,162.33,162.76,163.41,163.46,161.5,0
2017-08-29,162.33,162.76,163.41,163.46,161.5,161.33,0
2017-08-30,162.76,163.41,163.46,161.5,161.33,160.68,0
2017-08-31,163.41,163.46,161.5,161.33,160.68,158.06,0
2017-09-01,163.46,161.5,161.33,160.68,158.06,160.92,1
2017-09-05,161.5,161.33,160.68,158.06,160.92,160.28,0
2017-09-06,161.33,160.68,158.06,160.92,160.28,159.08,0
2017-09-07,160.68,158.06,160.92,160.28,159.08,157.71,0
2017-09-08,158.06,160.92,160.28,159.08,157.71,159.31,1
2017-09-11,160.92,160.28,159.08,157.71,159.31,158.1,0
2017-09-12,160.28,159.08,157.71,159.31,158.1,158.16,1
2017-09-13,159.08,157.71,159.31,158.1,158.16,155.51,0
2017-09-14,157.71,159.31,158.1,158.16,155.51,152.84,0
2017-09-15,159.31,158.1,158.16,155.51,152.84,151.35,0
2017-09-18,158.1,158.16,155.51,152.84,151.35,150.01,0
2017-09-19,158.16,155.51,152.84,151.35,150.01,152.59,1
2017-09-20,155.51,152.84,151.35,150.01,152.59,153.68,1
2017-09-21,152.84,151.35,150.01,152.59,153.68,152.73,0
2017-09-22,151.35,150.01,152.59,153.68,152.73,153.57,1
2017-09-25,150.01,152.59,153.68,152.73,153.57,153.26,0
2017-09-26,152.59,153.68,152.73,153.57,153.26,153.92,1
2017-09-27,153.68,152.73,153.57,153.26,153.92,152.93,0
2017-09-28,152.73,153.57,153.26,153.92,152.93,154.83,1
2017-09-29,153.57,153.26,153.92,152.93,154.83,154.74,0
2017-10-02,153.26,153.92,152.93,154.83,154.74,155.28,1
2017-10-03,153.92,152.93,154.83,154.74,155.28,155.34,1
2017-10-04,152.93,154.83,154.74,155.28,155.34,155.99,1
2017-10-05,154.83,154.74,155.28,155.34,155.99,155.44,0
2017-10-06,154.74,155.28,155.34,155.99,155.44,156.43,1
2017-10-09,155.28,155.34,155.99,155.44,156.43,159.31,1
2017-10-10,155.34,155.99,155.44,156.43,159.31,159.9,1
2017-10-11,155.99,155.44,156.43,159.31,159.9,159.19,0
2017-10-12,155.44,156.43,159.31,159.9,159.19,155.42,0
2017-10-13,156.43,159.31,159.9,159.19,155.42,155.69,1
2017-10-16,159.31,159.9,159.19,155.42,155.69,155.61,0
2017-10-17,159.9,159.19,155.42,155.69,155.61,156.54,1
2017-10-18,159.19,155.42,155.69,155.61,156.54,155.85,0
2017-10-19,155.42,155.69,155.61,156.54,155.85,156.85,1
2017-10-20,155.69,155.61,156.54,155.85,156.85,162.47,1
2017-10-23,155.61,156.54,155.85,156.85,162.47,166.12,1
2017-10-24,156.54,155.85,156.85,162.47,166.12,168.43,1
2017-10-25,155.85,156.85,162.47,166.12,168.43,166.29,0
2017-10-26,156.85,162.47,166.12,168.43,166.29,167.51,1
2017-10-27,162.47,166.12,168.43,166.29,167.51,171.88,1
2017-10-30,166.12,168.43,166.29,167.51,171.88,173.63,1
2017-10-31,168.43,166.29,167.51,171.88,173.63,174.18,1
2017-11-01,166.29,167.51,171.88,173.63,174.18,175.61,1
2017-11-02,167.51,171.88,173.63,174.18,175.61,175.25,0
2017-11-03,171.88,173.63,174.18,175.61,175.25,174.67,0
