,t-5,t-4,t-3,t-2,t-1,t,movement
0,0.421195,0.39577499999999993,0.3862344999999999,0.43022649999999996,0.46673349999999997,0.4533365000000001,0
1,0.39577499999999993,0.3862344999999999,0.43022649999999996,0.46673349999999997,0.4533365000000001,0.3658034999999999,0
2,0.3862344999999999,0.43022649999999996,0.46673349999999997,0.4533365000000001,0.3658034999999999,0.3429469999999999,0
3,0.43022649999999996,0.46673349999999997,0.4533365000000001,0.3658034999999999,0.3429469999999999,0.327146,0
4,0.46673349999999997,0.4533365000000001,0.3658034999999999,0.3429469999999999,0.327146,0.2600934999999999,0
5,0.4533365000000001,0.3658034999999999,0.3429469999999999,0.327146,0.2600934999999999,0.2818665,1
6,0.3658034999999999,0.3429469999999999,0.327146,0.2600934999999999,0.2818665,0.2478625,0
7,0.3429469999999999,0.327146,0.2600934999999999,0.2818665,0.2478625,0.242296,0
8,0.327146,0.2600934999999999,0.2818665,0.2478625,0.242296,0.25497000000000003,1
9,0.2600934999999999,0.2818665,0.2478625,0.242296,0.25497000000000003,0.29736399999999996,1
10,0.2818665,0.2478625,0.242296,0.25497000000000003,0.29736399999999996,0.314202,1
11,0.2478625,0.242296,0.25497000000000003,0.29736399999999996,0.314202,0.3501845,1
12,0.242296,0.25497000000000003,0.29736399999999996,0.314202,0.3501845,0.37451650000000003,1
13,0.25497000000000003,0.29736399999999996,0.314202,0.3501845,0.37451650000000003,0.39654749999999994,1
14,0.29736399999999996,0.314202,0.3501845,0.37451650000000003,0.39654749999999994,0.42952349999999984,1
15,0.314202,0.3501845,0.37451650000000003,0.39654749999999994,0.42952349999999984,0.475118,1
16,0.3501845,0.37451650000000003,0.39654749999999994,0.42952349999999984,0.475118,0.5767899999999999,1
17,0.37451650000000003,0.39654749999999994,0.42952349999999984,0.475118,0.5767899999999999,0.5727,0
18,0.39654749999999994,0.42952349999999984,0.475118,0.5767899999999999,0.5727,0.5411765000000001,0
19,0.42952349999999984,0.475118,0.5767899999999999,0.5727,0.5411765000000001,0.5522175,1
20,0.475118,0.5767899999999999,0.5727,0.5411765000000001,0.5522175,0.5523499999999999,1
21,0.5767899999999999,0.5727,0.5411765000000001,0.5522175,0.5523499999999999,0.5328199999999998,0
22,0.5727,0.5411765000000001,0.5522175,0.5523499999999999,0.5328199999999998,0.5631899999999999,1
23,0.5411765000000001,0.5522175,0.5523499999999999,0.5328199999999998,0.5631899999999999,0.664935,1
24,0.5522175,0.5523499999999999,0.5328199999999998,0.5631899999999999,0.664935,0.718375,1
25,0.5523499999999999,0.5328199999999998,0.5631899999999999,0.664935,0.718375,0.893535,1
26,0.5328199999999998,0.5631899999999999,0.664935,0.718375,0.893535,1.059015,1
27,0.5631899999999999,0.664935,0.718375,0.893535,1.059015,1.088835,1
28,0.664935,0.718375,0.893535,1.059015,1.088835,1.235935,1
29,0.718375,0.893535,1.059015,1.088835,1.235935,1.2381099999999996,1
30,0.893535,1.059015,1.088835,1.235935,1.2381099999999996,1.2933349999999995,1
31,1.059015,1.088835,1.235935,1.2381099999999996,1.2933349999999995,1.3835249999999994,1
32,1.088835,1.235935,1.2381099999999996,1.2933349999999995,1.3835249999999994,1.63736,1
33,1.235935,1.2381099999999996,1.2933349999999995,1.3835249999999994,1.63736,1.7545600000000001,1
34,1.2381099999999996,1.2933349999999995,1.3835249999999994,1.63736,1.7545600000000001,1.3352799999999998,0
35,1.2933349999999995,1.3835249999999994,1.63736,1.7545600000000001,1.3352799999999998,1.1435299999999997,0
36,1.3835249999999994,1.63736,1.7545600000000001,1.3352799999999998,1.1435299999999997,1.242745,1
37,1.63736,1.7545600000000001,1.3352799999999998,1.1435299999999997,1.242745,1.33547,1
38,1.7545600000000001,1.3352799999999998,1.1435299999999997,1.242745,1.33547,1.32035,0
39,1.3352799999999998,1.1435299999999997,1.242745,1.33547,1.32035,1.4246450000000002,1
40,1.1435299999999997,1.242745,1.33547,1.32035,1.4246450000000002,1.294035,0
41,1.242745,1.33547,1.32035,1.4246450000000002,1.294035,1.2904299999999997,0
42,1.33547,1.32035,1.4246450000000002,1.294035,1.2904299999999997,1.398645,1
43,1.32035,1.4246450000000002,1.294035,1.2904299999999997,1.398645,1.447595,1
44,1.4246450000000002,1.294035,1.2904299999999997,1.398645,1.447595,1.3807049999999998,0
45,1.294035,1.2904299999999997,1.398645,1.447595,1.3807049999999998,1.2912199999999998,0
46,1.2904299999999997,1.398645,1.447595,1.3807049999999998,1.2912199999999998,1.321945,1
47,1.398645,1.447595,1.3807049999999998,1.2912199999999998,1.321945,1.24762,0
48,1.447595,1.3807049999999998,1.2912199999999998,1.321945,1.24762,1.219905,0
49,1.3807049999999998,1.2912199999999998,1.321945,1.24762,1.219905,1.319335,1
50,1.2912199999999998,1.321945,1.24762,1.219905,1.319335,1.279745,0
51,1.321945,1.24762,1.219905,1.319335,1.279745,1.154005,0
52,1.24762,1.219905,1.319335,1.279745,1.154005,1.1215799999999998,0
53,1.219905,1.319335,1.279745,1.154005,1.1215799999999998,1.27544,1
54,1.319335,1.279745,1.154005,1.1215799999999998,1.27544,1.479955,1
55,1.279745,1.154005,1.1215799999999998,1.27544,1.479955,1.4214400000000003,0
56,1.154005,1.1215799999999998,1.27544,1.479955,1.4214400000000003,1.2798950000000002,0
57,1.1215799999999998,1.27544,1.479955,1.4214400000000003,1.2798950000000002,1.3732800000000003,1
58,1.27544,1.479955,1.4214400000000003,1.2798950000000002,1.3732800000000003,1.43601,1
59,1.479955,1.4214400000000003,1.2798950000000002,1.3732800000000003,1.43601,1.5013349999999999,1
60,1.4214400000000003,1.2798950000000002,1.3732800000000003,1.43601,1.5013349999999999,1.441945,0
61,1.2798950000000002,1.3732800000000003,1.43601,1.5013349999999999,1.441945,1.274135,0
62,1.3732800000000003,1.43601,1.5013349999999999,1.441945,1.274135,1.1319750000000002,0
63,1.43601,1.5013349999999999,1.441945,1.274135,1.1319750000000002,1.085995,0
64,1.5013349999999999,1.441945,1.274135,1.1319750000000002,1.085995,1.1643899999999998,1
65,1.441945,1.274135,1.1319750000000002,1.085995,1.1643899999999998,1.3313949999999999,1
66,1.274135,1.1319750000000002,1.085995,1.1643899999999998,1.3313949999999999,1.29671,0
67,1.1319750000000002,1.085995,1.1643899999999998,1.3313949999999999,1.29671,1.28806,0
68,1.085995,1.1643899999999998,1.3313949999999999,1.29671,1.28806,1.39262,1
69,1.1643899999999998,1.3313949999999999,1.29671,1.28806,1.39262,1.327295,0
70,1.3313949999999999,1.29671,1.28806,1.39262,1.327295,1.173925,0
71,1.29671,1.28806,1.39262,1.327295,1.173925,0.9797399999999998,0
72,1.28806,1.39262,1.327295,1.173925,0.9797399999999998,0.9510549999999999,0
73,1.39262,1.327295,1.173925,0.9797399999999998,0.9510549999999999,1.167455,1
74,1.327295,1.173925,0.9797399999999998,0.9510549999999999,1.167455,1.354225,1
75,1.173925,0.9797399999999998,0.9510549999999999,1.167455,1.354225,1.607965,1
76,0.9797399999999998,0.9510549999999999,1.167455,1.354225,1.607965,1.8749399999999998,1
77,0.9510549999999999,1.167455,1.354225,1.607965,1.8749399999999998,2.126595,1
78,1.167455,1.354225,1.607965,1.8749399999999998,2.126595,2.05495,0
79,1.354225,1.607965,1.8749399999999998,2.126595,2.05495,1.5532899999999998,0
80,1.607965,1.8749399999999998,2.126595,2.05495,1.5532899999999998,1.4198499999999998,0
81,1.8749399999999998,2.126595,2.05495,1.5532899999999998,1.4198499999999998,1.4338199999999997,1
82,2.126595,2.05495,1.5532899999999998,1.4198499999999998,1.4338199999999997,1.613565,1
83,2.05495,1.5532899999999998,1.4198499999999998,1.4338199999999997,1.613565,1.6415950000000001,1
84,1.5532899999999998,1.4198499999999998,1.4338199999999997,1.613565,1.6415950000000001,1.5994099999999998,0
85,1.4198499999999998,1.4338199999999997,1.613565,1.6415950000000001,1.5994099999999998,1.66147,1
86,1.4338199999999997,1.613565,1.6415950000000001,1.5994099999999998,1.66147,1.6161400000000001,0
87,1.613565,1.6415950000000001,1.5994099999999998,1.66147,1.6161400000000001,1.8259100000000004,1
88,1.6415950000000001,1.5994099999999998,1.66147,1.6161400000000001,1.8259100000000004,2.054975,1
89,1.5994099999999998,1.66147,1.6161400000000001,1.8259100000000004,2.054975,2.0856400000000006,1
90,1.66147,1.6161400000000001,1.8259100000000004,2.054975,2.0856400000000006,1.9547449999999997,0
91,1.6161400000000001,1.8259100000000004,2.054975,2.0856400000000006,1.9547449999999997,1.8667950000000002,0
92,1.8259100000000004,2.054975,2.0856400000000006,1.9547449999999997,1.8667950000000002,1.8859750000000002,1
93,2.054975,2.0856400000000006,1.9547449999999997,1.8667950000000002,1.8859750000000002,1.5405599999999997,0
94,2.0856400000000006,1.9547449999999997,1.8667950000000002,1.8859750000000002,1.5405599999999997,1.478025,0
95,1.9547449999999997,1.8667950000000002,1.8859750000000002,1.5405599999999997,1.478025,1.42561,0
96,1.8667950000000002,1.8859750000000002,1.5405599999999997,1.478025,1.42561,1.5056599999999998,1
97,1.8859750000000002,1.5405599999999997,1.478025,1.42561,1.5056599999999998,1.49874,0
98,1.5405599999999997,1.478025,1.42561,1.5056599999999998,1.49874,1.779185,1
99,1.478025,1.42561,1.5056599999999998,1.49874,1.779185,1.8486400000000003,1
100,1.42561,1.5056599999999998,1.49874,1.779185,1.8486400000000003,1.9422700000000006,1
101,1.5056599999999998,1.49874,1.779185,1.8486400000000003,1.9422700000000006,1.8297350000000001,0
102,1.49874,1.779185,1.8486400000000003,1.9422700000000006,1.8297350000000001,1.7599,0
103,1.779185,1.8486400000000003,1.9422700000000006,1.8297350000000001,1.7599,1.613675,0
104,1.8486400000000003,1.9422700000000006,1.8297350000000001,1.7599,1.613675,1.7007099999999997,1
105,1.9422700000000006,1.8297350000000001,1.7599,1.613675,1.7007099999999997,1.64929,0
106,1.8297350000000001,1.7599,1.613675,1.7007099999999997,1.64929,1.2207149999999998,0
107,1.7599,1.613675,1.7007099999999997,1.64929,1.2207149999999998,0.8849,0
108,1.613675,1.7007099999999997,1.64929,1.2207149999999998,0.8849,0.86029,0
109,1.7007099999999997,1.64929,1.2207149999999998,0.8849,0.86029,0.7719249999999999,0
110,1.64929,1.2207149999999998,0.8849,0.86029,0.7719249999999999,0.94192,1
111,1.2207149999999998,0.8849,0.86029,0.7719249999999999,0.94192,1.03039,1
112,0.8849,0.86029,0.7719249999999999,0.94192,1.03039,0.94261,0
113,0.86029,0.7719249999999999,0.94192,1.03039,0.94261,1.03286,1
114,0.7719249999999999,0.94192,1.03039,0.94261,1.03286,1.15936,1
115,0.94192,1.03039,0.94261,1.03286,1.15936,1.14246,0
116,1.03039,0.94261,1.03286,1.15936,1.14246,1.00205,0
117,0.94261,1.03286,1.15936,1.14246,1.00205,0.9851699999999999,0
118,1.03286,1.15936,1.14246,1.00205,0.9851699999999999,0.8572449999999998,0
119,1.15936,1.14246,1.00205,0.9851699999999999,0.8572449999999998,0.90044,1
120,1.14246,1.00205,0.9851699999999999,0.8572449999999998,0.90044,1.0897650000000003,1
121,1.00205,0.9851699999999999,0.8572449999999998,0.90044,1.0897650000000003,1.1362150000000002,1
122,0.9851699999999999,0.8572449999999998,0.90044,1.0897650000000003,1.1362150000000002,1.1965100000000002,1
123,0.8572449999999998,0.90044,1.0897650000000003,1.1362150000000002,1.1965100000000002,1.3398949999999998,1
124,0.90044,1.0897650000000003,1.1362150000000002,1.1965100000000002,1.3398949999999998,1.1921900000000003,0
125,1.0897650000000003,1.1362150000000002,1.1965100000000002,1.3398949999999998,1.1921900000000003,1.31317,1
126,1.1362150000000002,1.1965100000000002,1.3398949999999998,1.1921900000000003,1.31317,1.342565,1
127,1.1965100000000002,1.3398949999999998,1.1921900000000003,1.31317,1.342565,1.268225,0
128,1.3398949999999998,1.1921900000000003,1.31317,1.342565,1.268225,1.156455,0
129,1.1921900000000003,1.31317,1.342565,1.268225,1.156455,1.2396099999999997,1
130,1.31317,1.342565,1.268225,1.156455,1.2396099999999997,1.3824900000000002,1
131,1.342565,1.268225,1.156455,1.2396099999999997,1.3824900000000002,1.4899149999999999,1
132,1.268225,1.156455,1.2396099999999997,1.3824900000000002,1.4899149999999999,1.470185,0
133,1.156455,1.2396099999999997,1.3824900000000002,1.4899149999999999,1.470185,1.4034849999999999,0
134,1.2396099999999997,1.3824900000000002,1.4899149999999999,1.470185,1.4034849999999999,1.2552850000000002,0
135,1.3824900000000002,1.4899149999999999,1.470185,1.4034849999999999,1.2552850000000002,1.13733,0
136,1.4899149999999999,1.470185,1.4034849999999999,1.2552850000000002,1.13733,1.254225,1
137,1.470185,1.4034849999999999,1.2552850000000002,1.13733,1.254225,1.150585,0
138,1.4034849999999999,1.2552850000000002,1.13733,1.254225,1.150585,1.0439599999999998,0
139,1.2552850000000002,1.13733,1.254225,1.150585,1.0439599999999998,0.9155899999999999,0
140,1.13733,1.254225,1.150585,1.0439599999999998,0.9155899999999999,0.8360399999999999,0
141,1.254225,1.150585,1.0439599999999998,0.9155899999999999,0.8360399999999999,0.8024100000000001,0
142,1.150585,1.0439599999999998,0.9155899999999999,0.8360399999999999,0.8024100000000001,0.835205,1
143,1.0439599999999998,0.9155899999999999,0.8360399999999999,0.8024100000000001,0.835205,0.7924749999999998,0
144,0.9155899999999999,0.8360399999999999,0.8024100000000001,0.835205,0.7924749999999998,0.6335999999999999,0
145,0.8360399999999999,0.8024100000000001,0.835205,0.7924749999999998,0.6335999999999999,0.69537,1
146,0.8024100000000001,0.835205,0.7924749999999998,0.6335999999999999,0.69537,0.74027,1
147,0.835205,0.7924749999999998,0.6335999999999999,0.69537,0.74027,0.7369699999999999,0
148,0.7924749999999998,0.6335999999999999,0.69537,0.74027,0.7369699999999999,0.7988349999999999,1
149,0.6335999999999999,0.69537,0.74027,0.7369699999999999,0.7988349999999999,0.8003949999999997,1
150,0.69537,0.74027,0.7369699999999999,0.7988349999999999,0.8003949999999997,0.7051499999999999,0
151,0.74027,0.7369699999999999,0.7988349999999999,0.8003949999999997,0.7051499999999999,0.5418794999999998,0
152,0.7369699999999999,0.7988349999999999,0.8003949999999997,0.7051499999999999,0.5418794999999998,0.5287554999999999,0
153,0.7988349999999999,0.8003949999999997,0.7051499999999999,0.5418794999999998,0.5287554999999999,0.5468149999999998,1
154,0.8003949999999997,0.7051499999999999,0.5418794999999998,0.5287554999999999,0.5468149999999998,0.5829599999999999,1
155,0.7051499999999999,0.5418794999999998,0.5287554999999999,0.5468149999999998,0.5829599999999999,0.546315,0
156,0.5418794999999998,0.5287554999999999,0.5468149999999998,0.5829599999999999,0.546315,0.5064335000000001,0
157,0.5287554999999999,0.5468149999999998,0.5829599999999999,0.546315,0.5064335000000001,0.49021349999999997,0
158,0.5468149999999998,0.5829599999999999,0.546315,0.5064335000000001,0.49021349999999997,0.73316,1
159,0.5829599999999999,0.546315,0.5064335000000001,0.49021349999999997,0.73316,0.70807,0
160,0.546315,0.5064335000000001,0.49021349999999997,0.73316,0.70807,0.686185,0
161,0.5064335000000001,0.49021349999999997,0.73316,0.70807,0.686185,0.5739799999999999,0
162,0.49021349999999997,0.73316,0.70807,0.686185,0.5739799999999999,0.5090510000000001,0
163,0.73316,0.70807,0.686185,0.5739799999999999,0.5090510000000001,0.520625,1
164,0.70807,0.686185,0.5739799999999999,0.5090510000000001,0.520625,0.60807,1
165,0.686185,0.5739799999999999,0.5090510000000001,0.520625,0.60807,0.76564,1
166,0.5739799999999999,0.5090510000000001,0.520625,0.60807,0.76564,0.8590450000000001,1
167,0.5090510000000001,0.520625,0.60807,0.76564,0.8590450000000001,0.9243000000000002,1
168,0.520625,0.60807,0.76564,0.8590450000000001,0.9243000000000002,0.886675,0
169,0.60807,0.76564,0.8590450000000001,0.9243000000000002,0.886675,0.93739,1
170,0.76564,0.8590450000000001,0.9243000000000002,0.886675,0.93739,1.13582,1
171,0.8590450000000001,0.9243000000000002,0.886675,0.93739,1.13582,1.234135,1
172,0.9243000000000002,0.886675,0.93739,1.13582,1.234135,1.184895,0
173,0.886675,0.93739,1.13582,1.234135,1.184895,1.1626600000000002,0
174,0.93739,1.13582,1.234135,1.184895,1.1626600000000002,1.13926,0
175,1.13582,1.234135,1.184895,1.1626600000000002,1.13926,1.1404,1
176,1.234135,1.184895,1.1626600000000002,1.13926,1.1404,1.3438350000000003,1
177,1.184895,1.1626600000000002,1.13926,1.1404,1.3438350000000003,1.1957149999999999,0
178,1.1626600000000002,1.13926,1.1404,1.3438350000000003,1.1957149999999999,1.0885250000000002,0
179,1.13926,1.1404,1.3438350000000003,1.1957149999999999,1.0885250000000002,1.1911200000000002,1
180,1.1404,1.3438350000000003,1.1957149999999999,1.0885250000000002,1.1911200000000002,1.4378250000000001,1
181,1.3438350000000003,1.1957149999999999,1.0885250000000002,1.1911200000000002,1.4378250000000001,1.480725,1
182,1.1957149999999999,1.0885250000000002,1.1911200000000002,1.4378250000000001,1.480725,1.6215099999999996,1
183,1.0885250000000002,1.1911200000000002,1.4378250000000001,1.480725,1.6215099999999996,1.81003,1
184,1.1911200000000002,1.4378250000000001,1.480725,1.6215099999999996,1.81003,2.2638999999999996,1
185,1.4378250000000001,1.480725,1.6215099999999996,1.81003,2.2638999999999996,2.1191249999999995,0
186,1.480725,1.6215099999999996,1.81003,2.2638999999999996,2.1191249999999995,2.6231649999999993,1
187,1.6215099999999996,1.81003,2.2638999999999996,2.1191249999999995,2.6231649999999993,3.216355,1
188,1.81003,2.2638999999999996,2.1191249999999995,2.6231649999999993,3.216355,3.1871100000000006,0
189,2.2638999999999996,2.1191249999999995,2.6231649999999993,3.216355,3.1871100000000006,3.4481949999999992,1
190,2.1191249999999995,2.6231649999999993,3.216355,3.1871100000000006,3.4481949999999992,3.8077799999999997,1
191,2.6231649999999993,3.216355,3.1871100000000006,3.4481949999999992,3.8077799999999997,4.17528,1
192,3.216355,3.1871100000000006,3.4481949999999992,3.8077799999999997,4.17528,3.7821650000000004,0
193,3.1871100000000006,3.4481949999999992,3.8077799999999997,4.17528,3.7821650000000004,3.0152050000000004,0
194,3.4481949999999992,3.8077799999999997,4.17528,3.7821650000000004,3.0152050000000004,3.22016,1
195,3.8077799999999997,4.17528,3.7821650000000004,3.0152050000000004,3.22016,3.40318,1
196,4.17528,3.7821650000000004,3.0152050000000004,3.22016,3.40318,3.3155349999999997,0
197,3.7821650000000004,3.0152050000000004,3.22016,3.40318,3.3155349999999997,3.570125,1
198,3.0152050000000004,3.22016,3.40318,3.3155349999999997,3.570125,1.3245900000000002,0
199,3.22016,3.40318,3.3155349999999997,3.570125,1.3245900000000002,1.2717000000000003,0
200,3.40318,3.3155349999999997,3.570125,1.3245900000000002,1.2717000000000003,0.9828749999999999,0
201,3.3155349999999997,3.570125,1.3245900000000002,1.2717000000000003,0.9828749999999999,1.11104,1
202,3.570125,1.3245900000000002,1.2717000000000003,0.9828749999999999,1.11104,1.2821850000000004,1
203,1.3245900000000002,1.2717000000000003,0.9828749999999999,1.11104,1.2821850000000004,1.28772,1
204,1.2717000000000003,0.9828749999999999,1.11104,1.2821850000000004,1.28772,1.4107800000000001,1
205,0.9828749999999999,1.11104,1.2821850000000004,1.28772,1.4107800000000001,1.56545,1
206,1.11104,1.2821850000000004,1.28772,1.4107800000000001,1.56545,1.3502250000000002,0
207,1.2821850000000004,1.28772,1.4107800000000001,1.56545,1.3502250000000002,1.4813800000000001,1
208,1.28772,1.4107800000000001,1.56545,1.3502250000000002,1.4813800000000001,1.223765,0
209,1.4107800000000001,1.56545,1.3502250000000002,1.4813800000000001,1.223765,1.147265,0
210,1.56545,1.3502250000000002,1.4813800000000001,1.223765,1.147265,1.0402399999999998,0
211,1.3502250000000002,1.4813800000000001,1.223765,1.147265,1.0402399999999998,1.1962899999999999,1
212,1.4813800000000001,1.223765,1.147265,1.0402399999999998,1.1962899999999999,1.3492799999999998,1
213,1.223765,1.147265,1.0402399999999998,1.1962899999999999,1.3492799999999998,1.395045,1
214,1.147265,1.0402399999999998,1.1962899999999999,1.3492799999999998,1.395045,1.509085,1
215,1.0402399999999998,1.1962899999999999,1.3492799999999998,1.395045,1.509085,1.5143800000000003,1
216,1.1962899999999999,1.3492799999999998,1.395045,1.509085,1.5143800000000003,1.5591300000000001,1
217,1.3492799999999998,1.395045,1.509085,1.5143800000000003,1.5591300000000001,1.5440200000000002,0
218,1.395045,1.509085,1.5143800000000003,1.5591300000000001,1.5440200000000002,1.5122250000000002,0
219,1.509085,1.5143800000000003,1.5591300000000001,1.5440200000000002,1.5122250000000002,1.1538600000000003,0
220,1.5143800000000003,1.5591300000000001,1.5440200000000002,1.5122250000000002,1.1538600000000003,0.9909650000000001,0
221,1.5591300000000001,1.5440200000000002,1.5122250000000002,1.1538600000000003,0.9909650000000001,0.9715050000000002,0
222,1.5440200000000002,1.5122250000000002,1.1538600000000003,0.9909650000000001,0.9715050000000002,0.9306600000000002,0
223,1.5122250000000002,1.1538600000000003,0.9909650000000001,0.9715050000000002,0.9306600000000002,0.94095,1
224,1.1538600000000003,0.9909650000000001,0.9715050000000002,0.9306600000000002,0.94095,1.022185,1
225,0.9909650000000001,0.9715050000000002,0.9306600000000002,0.94095,1.022185,0.9433150000000001,0
226,0.9715050000000002,0.9306600000000002,0.94095,1.022185,0.9433150000000001,0.9271849999999999,0
227,0.9306600000000002,0.94095,1.022185,0.9433150000000001,0.9271849999999999,0.9355699999999999,1
228,0.94095,1.022185,0.9433150000000001,0.9271849999999999,0.9355699999999999,0.93781,1
229,1.022185,0.9433150000000001,0.9271849999999999,0.9355699999999999,0.93781,0.8882150000000001,0
230,0.9433150000000001,0.9271849999999999,0.9355699999999999,0.93781,0.8882150000000001,1.0952699999999997,1
231,0.9271849999999999,0.9355699999999999,0.93781,0.8882150000000001,1.0952699999999997,1.1521350000000004,1
232,0.9355699999999999,0.93781,0.8882150000000001,1.0952699999999997,1.1521350000000004,1.263265,1
233,0.93781,0.8882150000000001,1.0952699999999997,1.1521350000000004,1.263265,1.3040799999999997,1
234,0.8882150000000001,1.0952699999999997,1.1521350000000004,1.263265,1.3040799999999997,1.416975,1
235,1.0952699999999997,1.1521350000000004,1.263265,1.3040799999999997,1.416975,1.4307849999999998,1
236,1.1521350000000004,1.263265,1.3040799999999997,1.416975,1.4307849999999998,1.463885,1
237,1.263265,1.3040799999999997,1.416975,1.4307849999999998,1.463885,1.34261,0
238,1.3040799999999997,1.416975,1.4307849999999998,1.463885,1.34261,1.3565049999999998,1
239,1.416975,1.4307849999999998,1.463885,1.34261,1.3565049999999998,1.456725,1
240,1.4307849999999998,1.463885,1.34261,1.3565049999999998,1.456725,1.538505,1
241,1.463885,1.34261,1.3565049999999998,1.456725,1.538505,1.7166749999999997,1
242,1.34261,1.3565049999999998,1.456725,1.538505,1.7166749999999997,1.74615,1
243,1.3565049999999998,1.456725,1.538505,1.7166749999999997,1.74615,1.761885,1
244,1.456725,1.538505,1.7166749999999997,1.74615,1.761885,2.0429849999999994,1
245,1.538505,1.7166749999999997,1.74615,1.761885,2.0429849999999994,2.0028750000000004,0
246,1.7166749999999997,1.74615,1.761885,2.0429849999999994,2.0028750000000004,2.03504,1
247,1.74615,1.761885,2.0429849999999994,2.0028750000000004,2.03504,2.3424749999999994,1
248,1.761885,2.0429849999999994,2.0028750000000004,2.03504,2.3424749999999994,2.7719250000000004,1
249,2.0429849999999994,2.0028750000000004,2.03504,2.3424749999999994,2.7719250000000004,3.558065,1
250,2.0028750000000004,2.03504,2.3424749999999994,2.7719250000000004,3.558065,4.155735,1
251,2.03504,2.3424749999999994,2.7719250000000004,3.558065,4.155735,4.282705000000001,1
252,2.3424749999999994,2.7719250000000004,3.558065,4.155735,4.282705000000001,5.131585,1
253,2.7719250000000004,3.558065,4.155735,4.282705000000001,5.131585,5.43039,1
254,3.558065,4.155735,4.282705000000001,5.131585,5.43039,5.210535,0
255,4.155735,4.282705000000001,5.131585,5.43039,5.210535,4.62149,0
256,4.282705000000001,5.131585,5.43039,5.210535,4.62149,4.903705,1
257,5.131585,5.43039,5.210535,4.62149,4.903705,4.87472,0
258,5.43039,5.210535,4.62149,4.903705,4.87472,5.559705,1
259,5.210535,4.62149,4.903705,4.87472,5.559705,6.045410000000001,1
260,4.62149,4.903705,4.87472,5.559705,6.045410000000001,6.679709999999998,1
261,4.903705,4.87472,5.559705,6.045410000000001,6.679709999999998,7.1653400000000005,1
262,4.87472,5.559705,6.045410000000001,6.679709999999998,7.1653400000000005,8.478485000000001,1
263,5.559705,6.045410000000001,6.679709999999998,7.1653400000000005,8.478485000000001,9.39434,1
264,6.045410000000001,6.679709999999998,7.1653400000000005,8.478485000000001,9.39434,9.933965,1
265,6.679709999999998,7.1653400000000005,8.478485000000001,9.39434,9.933965,8.794010000000002,0
266,7.1653400000000005,8.478485000000001,9.39434,9.933965,8.794010000000002,8.090625000000001,0
267,8.478485000000001,9.39434,9.933965,8.794010000000002,8.090625000000001,8.654605,1
268,9.39434,9.933965,8.794010000000002,8.090625000000001,8.654605,8.50308,0
269,9.933965,8.794010000000002,8.090625000000001,8.654605,8.50308,7.525969999999999,0
270,8.794010000000002,8.090625000000001,8.654605,8.50308,7.525969999999999,7.300064999999999,0
271,8.090625000000001,8.654605,8.50308,7.525969999999999,7.300064999999999,8.53688,1
272,8.654605,8.50308,7.525969999999999,7.300064999999999,8.53688,9.15899,1
273,8.50308,7.525969999999999,7.300064999999999,8.53688,9.15899,9.68289,1
274,7.525969999999999,7.300064999999999,8.53688,9.15899,9.68289,10.49305,1
275,7.300064999999999,8.53688,9.15899,9.68289,10.49305,11.438,1
276,8.53688,9.15899,9.68289,10.49305,11.438,11.233949999999998,0
277,9.15899,9.68289,10.49305,11.438,11.233949999999998,10.92455,0
278,9.68289,10.49305,11.438,11.233949999999998,10.92455,11.270100000000003,1
279,10.49305,11.438,11.233949999999998,10.92455,11.270100000000003,11.94695,1
280,11.438,11.233949999999998,10.92455,11.270100000000003,11.94695,12.820500000000001,1
281,11.233949999999998,10.92455,11.270100000000003,11.94695,12.820500000000001,14.96075,1
282,10.92455,11.270100000000003,11.94695,12.820500000000001,14.96075,16.043149999999997,1
283,11.270100000000003,11.94695,12.820500000000001,14.96075,16.043149999999997,17.604799999999997,1
284,11.94695,12.820500000000001,14.96075,16.043149999999997,17.604799999999997,16.648,0
285,12.820500000000001,14.96075,16.043149999999997,17.604799999999997,16.648,18.8392,1
286,14.96075,16.043149999999997,17.604799999999997,16.648,18.8392,22.64505,1
287,16.043149999999997,17.604799999999997,16.648,18.8392,22.64505,22.2276,0
288,17.604799999999997,16.648,18.8392,22.64505,22.2276,24.49895,1
289,16.648,18.8392,22.64505,22.2276,24.49895,20.317949999999996,0
290,18.8392,22.64505,22.2276,24.49895,20.317949999999996,16.0272,0
291,22.64505,22.2276,24.49895,20.317949999999996,16.0272,16.75355,1
292,22.2276,24.49895,20.317949999999996,16.0272,16.75355,20.0488,1
293,24.49895,20.317949999999996,16.0272,16.75355,20.0488,23.488400000000006,1
294,20.317949999999996,16.0272,16.75355,20.0488,23.488400000000006,23.227250000000005,0
295,16.0272,16.75355,20.0488,23.488400000000006,23.227250000000005,21.9125,0
296,16.75355,20.0488,23.488400000000006,23.227250000000005,21.9125,21.3139,0
297,20.0488,23.488400000000006,23.227250000000005,21.9125,21.3139,20.327749999999998,0
298,23.488400000000006,23.227250000000005,21.9125,21.3139,20.327749999999998,14.020850000000001,0
299,23.227250000000005,21.9125,21.3139,20.327749999999998,14.020850000000001,12.74085,0
300,21.9125,21.3139,20.327749999999998,14.020850000000001,12.74085,11.80095,0
301,21.3139,20.327749999999998,14.020850000000001,12.74085,11.80095,11.455200000000001,0
302,20.327749999999998,14.020850000000001,12.74085,11.80095,11.455200000000001,11.63995,1
303,14.020850000000001,12.74085,11.80095,11.455200000000001,11.63995,11.64335,1
304,12.74085,11.80095,11.455200000000001,11.63995,11.64335,13.763,1
305,11.80095,11.455200000000001,11.63995,11.64335,13.763,15.985249999999997,1
306,11.455200000000001,11.63995,11.64335,13.763,15.985249999999997,16.854549999999996,1
307,11.63995,11.64335,13.763,15.985249999999997,16.854549999999996,17.7647,1
308,11.64335,13.763,15.985249999999997,16.854549999999996,17.7647,19.5941,1
309,13.763,15.985249999999997,16.854549999999996,17.7647,19.5941,21.2917,1
310,15.985249999999997,16.854549999999996,17.7647,19.5941,21.2917,22.84755,1
311,16.854549999999996,17.7647,19.5941,21.2917,22.84755,24.699849999999998,1
312,17.7647,19.5941,21.2917,22.84755,24.699849999999998,25.55265,1
313,19.5941,21.2917,22.84755,24.699849999999998,25.55265,25.192650000000008,0
314,21.2917,22.84755,24.699849999999998,25.55265,25.192650000000008,26.831699999999994,1
315,22.84755,24.699849999999998,25.55265,25.192650000000008,26.831699999999994,25.418599999999998,0
316,24.699849999999998,25.55265,25.192650000000008,26.831699999999994,25.418599999999998,28.072950000000002,1
317,25.55265,25.192650000000008,26.831699999999994,25.418599999999998,28.072950000000002,30.998699999999996,1
318,25.192650000000008,26.831699999999994,25.418599999999998,28.072950000000002,30.998699999999996,32.875449999999994,1
319,26.831699999999994,25.418599999999998,28.072950000000002,30.998699999999996,32.875449999999994,32.70125,0
320,25.418599999999998,28.072950000000002,30.998699999999996,32.875449999999994,32.70125,33.013850000000005,1
321,28.072950000000002,30.998699999999996,32.875449999999994,32.70125,33.013850000000005,32.99654999999999,0
322,30.998699999999996,32.875449999999994,32.70125,33.013850000000005,32.99654999999999,32.29915,0
323,32.875449999999994,32.70125,33.013850000000005,32.99654999999999,32.29915,36.65025000000001,1
324,32.70125,33.013850000000005,32.99654999999999,32.29915,36.65025000000001,39.6966,1
325,33.013850000000005,32.99654999999999,32.29915,36.65025000000001,39.6966,40.07255,1
326,32.99654999999999,32.29915,36.65025000000001,39.6966,40.07255,41.55545000000001,1
327,32.29915,36.65025000000001,39.6966,40.07255,41.55545000000001,43.65860000000001,1
328,36.65025000000001,39.6966,40.07255,41.55545000000001,43.65860000000001,45.26685,1
329,39.6966,40.07255,41.55545000000001,43.65860000000001,45.26685,44.1923,0
330,40.07255,41.55545000000001,43.65860000000001,45.26685,44.1923,43.6505,0
331,41.55545000000001,43.65860000000001,45.26685,44.1923,43.6505,43.72345,1
332,43.65860000000001,45.26685,44.1923,43.6505,43.72345,42.2771,0
333,45.26685,44.1923,43.6505,43.72345,42.2771,47.3181,1
334,44.1923,43.6505,43.72345,42.2771,47.3181,48.07195,1
335,43.6505,43.72345,42.2771,47.3181,48.07195,50.06795,1
336,43.72345,42.2771,47.3181,48.07195,50.06795,50.550200000000004,1
337,42.2771,47.3181,48.07195,50.06795,50.550200000000004,50.534000000000006,0
338,47.3181,48.07195,50.06795,50.550200000000004,50.534000000000006,48.955499999999994,0
339,48.07195,50.06795,50.550200000000004,50.534000000000006,48.955499999999994,52.94680000000001,1
340,50.06795,50.550200000000004,50.534000000000006,48.955499999999994,52.94680000000001,59.518049999999995,1
341,50.550200000000004,50.534000000000006,48.955499999999994,52.94680000000001,59.518049999999995,69.3079,1
342,50.534000000000006,48.955499999999994,52.94680000000001,59.518049999999995,69.3079,78.48945,1
343,48.955499999999994,52.94680000000001,59.518049999999995,69.3079,78.48945,74.48415000000001,0
344,52.94680000000001,59.518049999999995,69.3079,78.48945,74.48415000000001,72.12655000000002,0
345,59.518049999999995,69.3079,78.48945,74.48415000000001,72.12655000000002,75.17939999999999,1
346,69.3079,78.48945,74.48415000000001,72.12655000000002,75.17939999999999,77.36125000000001,1
347,78.48945,74.48415000000001,72.12655000000002,75.17939999999999,77.36125000000001,84.304,1
348,74.48415000000001,72.12655000000002,75.17939999999999,77.36125000000001,84.304,87.3744,1
349,72.12655000000002,75.17939999999999,77.36125000000001,84.304,87.3744,79.91965,0
350,75.17939999999999,77.36125000000001,84.304,87.3744,79.91965,72.69195,0
351,77.36125000000001,84.304,87.3744,79.91965,72.69195,68.28299999999999,0
352,84.304,87.3744,79.91965,72.69195,68.28299999999999,63.415949999999995,0
353,87.3744,79.91965,72.69195,68.28299999999999,63.415949999999995,58.9227,0
354,79.91965,72.69195,68.28299999999999,63.415949999999995,58.9227,57.4714,0
355,72.69195,68.28299999999999,63.415949999999995,58.9227,57.4714,54.424900000000015,0
356,68.28299999999999,63.415949999999995,58.9227,57.4714,54.424900000000015,58.22954999999998,1
357,63.415949999999995,58.9227,57.4714,54.424900000000015,58.22954999999998,56.39119999999999,0
358,58.9227,57.4714,54.424900000000015,58.22954999999998,56.39119999999999,55.19899999999998,0
359,57.4714,54.424900000000015,58.22954999999998,56.39119999999999,55.19899999999998,62.36044999999999,1
360,54.424900000000015,58.22954999999998,56.39119999999999,55.19899999999998,62.36044999999999,63.611900000000006,1
361,58.22954999999998,56.39119999999999,55.19899999999998,62.36044999999999,63.611900000000006,64.52595000000001,1
362,56.39119999999999,55.19899999999998,62.36044999999999,63.611900000000006,64.52595000000001,69.02914999999999,1
363,55.19899999999998,62.36044999999999,63.611900000000006,64.52595000000001,69.02914999999999,72.37865,1
364,62.36044999999999,63.611900000000006,64.52595000000001,69.02914999999999,72.37865,72.8911,1
365,63.611900000000006,64.52595000000001,69.02914999999999,72.37865,72.8911,70.03215000000002,0
366,64.52595000000001,69.02914999999999,72.37865,72.8911,70.03215000000002,70.72349999999999,1
367,69.02914999999999,72.37865,72.8911,70.03215000000002,70.72349999999999,71.02315,1
368,72.37865,72.8911,70.03215000000002,70.72349999999999,71.02315,75.51470000000002,1
369,72.8911,70.03215000000002,70.72349999999999,71.02315,75.51470000000002,83.3943,1
370,70.03215000000002,70.72349999999999,71.02315,75.51470000000002,83.3943,86.83160000000001,1
371,70.72349999999999,71.02315,75.51470000000002,83.3943,86.83160000000001,89.93409999999999,1
372,71.02315,75.51470000000002,83.3943,86.83160000000001,89.93409999999999,93.58165000000001,1
373,75.51470000000002,83.3943,86.83160000000001,89.93409999999999,93.58165000000001,94.73425,1
374,83.3943,86.83160000000001,89.93409999999999,93.58165000000001,94.73425,95.76235000000001,1
375,86.83160000000001,89.93409999999999,93.58165000000001,94.73425,95.76235000000001,106.898,1
376,89.93409999999999,93.58165000000001,94.73425,95.76235000000001,106.898,106.506,0
377,93.58165000000001,94.73425,95.76235000000001,106.898,106.506,104.1155,0
378,94.73425,95.76235000000001,106.898,106.506,104.1155,118.245,1
379,95.76235000000001,106.898,106.506,104.1155,118.245,119.94500000000001,1
380,106.898,106.506,104.1155,118.245,119.94500000000001,120.22649999999999,1
381,106.506,104.1155,118.245,119.94500000000001,120.22649999999999,122.35349999999997,1
382,104.1155,118.245,119.94500000000001,120.22649999999999,122.35349999999997,122.92150000000001,1
383,118.245,119.94500000000001,120.22649999999999,122.35349999999997,122.92150000000001,120.67600000000002,0
384,119.94500000000001,120.22649999999999,122.35349999999997,122.92150000000001,120.67600000000002,113.79400000000001,0
385,120.22649999999999,122.35349999999997,122.92150000000001,120.67600000000002,113.79400000000001,106.69085,0
386,122.35349999999997,122.92150000000001,120.67600000000002,113.79400000000001,106.69085,107.36200000000001,1
387,122.92150000000001,120.67600000000002,113.79400000000001,106.69085,107.36200000000001,112.62249999999999,1
388,120.67600000000002,113.79400000000001,106.69085,107.36200000000001,112.62249999999999,112.55400000000002,0
389,113.79400000000001,106.69085,107.36200000000001,112.62249999999999,112.55400000000002,102.17349999999999,0
390,106.69085,107.36200000000001,112.62249999999999,112.55400000000002,102.17349999999999,93.35785,0
391,107.36200000000001,112.62249999999999,112.55400000000002,102.17349999999999,93.35785,94.71145,1
392,112.62249999999999,112.55400000000002,102.17349999999999,93.35785,94.71145,103.3066,1
393,112.55400000000002,102.17349999999999,93.35785,94.71145,103.3066,100.08400000000002,0
394,102.17349999999999,93.35785,94.71145,103.3066,100.08400000000002,93.1165,0
395,93.35785,94.71145,103.3066,100.08400000000002,93.1165,93.85685,1
396,94.71145,103.3066,100.08400000000002,93.1165,93.85685,96.47779999999997,1
397,103.3066,100.08400000000002,93.1165,93.85685,96.47779999999997,105.60049999999998,1
398,100.08400000000002,93.1165,93.85685,96.47779999999997,105.60049999999998,107.749,1
399,93.1165,93.85685,96.47779999999997,105.60049999999998,107.749,113.1765,1
400,93.85685,96.47779999999997,105.60049999999998,107.749,113.1765,108.77700000000002,0
401,96.47779999999997,105.60049999999998,107.749,113.1765,108.77700000000002,111.127,1
402,105.60049999999998,107.749,113.1765,108.77700000000002,111.127,116.23749999999998,1
403,107.749,113.1765,108.77700000000002,111.127,116.23749999999998,127.4355,1
404,113.1765,108.77700000000002,111.127,116.23749999999998,127.4355,137.348,1
405,108.77700000000002,111.127,116.23749999999998,127.4355,137.348,140.86550000000003,1
406,111.127,116.23749999999998,127.4355,137.348,140.86550000000003,147.0595,1
407,116.23749999999998,127.4355,137.348,140.86550000000003,147.0595,150.7865,1
408,127.4355,137.348,140.86550000000003,147.0595,150.7865,144.022,0
409,137.348,140.86550000000003,147.0595,150.7865,144.022,152.4245,1
410,140.86550000000003,147.0595,150.7865,144.022,152.4245,160.175,1
411,147.0595,150.7865,144.022,152.4245,160.175,154.99400000000003,0
412,150.7865,144.022,152.4245,160.175,154.99400000000003,160.69449999999998,1
413,144.022,152.4245,160.175,154.99400000000003,160.69449999999998,174.92749999999998,1
