Volume (t-5),Volume (t-4),Volume (t-3),Volume (t-2),Volume (t-1),Close (t-5),Close (t-4),Close (t-3),Close (t-2),Close (t-1),Close (t),movement
22037060,6511840.0,7033160.0,9470220.0,8689340.0,52.94494476318359,51.9209213256836,50.82182159423828,55.084083557128906,59.44844741821289,62.62562637329101,1
6511840,7033160.0,9470220.0,8689340.0,15478580.0,51.9209213256836,50.82182159423828,55.084083557128906,59.44844741821289,62.62562637329101,68.26226196289062,1
7033160,9470220.0,8689340.0,15478580.0,14123420.0,50.82182159423828,55.084083557128906,59.44844741821289,62.62562637329101,68.26226196289062,69.39839935302734,1
9470220,8689340.0,15478580.0,14123420.0,12683080.0,55.084083557128906,59.44844741821289,62.62562637329101,68.26226196289062,69.39839935302734,73.18118133544922,1
8689340,15478580.0,14123420.0,12683080.0,19442640.0,59.44844741821289,62.62562637329101,68.26226196289062,69.39839935302734,73.18118133544922,92.18218231201172,1
15478580,14123420.0,12683080.0,19442640.0,48018480.0,62.62562637329101,68.26226196289062,69.39839935302734,73.18118133544922,92.18218231201172,95.88688659667967,1
14123420,12683080.0,19442640.0,48018480.0,29183540.0,68.26226196289062,69.39839935302734,73.18118133544922,92.18218231201172,95.88688659667967,86.23423309326172,0
12683080,19442640.0,48018480.0,29183540.0,27060320.0,69.39839935302734,73.18118133544922,92.18218231201172,95.88688659667967,86.23423309326172,88.0330307006836,1
19442640,48018480.0,29183540.0,27060320.0,33697220.0,73.18118133544922,92.18218231201172,95.88688659667967,86.23423309326172,88.0330307006836,85.70270080566407,0
48018480,29183540.0,27060320.0,33697220.0,22102580.0,92.18218231201172,95.88688659667967,86.23423309326172,88.0330307006836,85.70270080566407,90.36936798095704,1
29183540,27060320.0,33697220.0,22102580.0,15328920.0,95.88688659667967,86.23423309326172,88.0330307006836,85.70270080566407,90.36936798095704,86.36436462402344,0
27060320,33697220.0,22102580.0,15328920.0,13042040.0,86.23423309326172,88.0330307006836,85.70270080566407,90.36936798095704,86.36436462402344,88.63563537597656,1
33697220,22102580.0,15328920.0,13042040.0,17317420.0,88.0330307006836,85.70270080566407,90.36936798095704,86.36436462402344,88.63563537597656,93.58157958984376,1
22102580,15328920.0,13042040.0,17317420.0,11578940.0,85.70270080566407,90.36936798095704,86.36436462402344,88.63563537597656,93.58157958984376,97.973974609375,1
15328920,13042040.0,17317420.0,11578940.0,14481820.0,90.36936798095704,86.36436462402344,88.63563537597656,93.58157958984376,97.973974609375,96.64364318847656,0
13042040,17317420.0,11578940.0,14481820.0,19812960.0,86.36436462402344,88.63563537597656,93.58157958984376,97.973974609375,96.64364318847656,98.9109115600586,1
17317420,11578940.0,14481820.0,19812960.0,17901560.0,88.63563537597656,93.58157958984376,97.973974609375,96.64364318847656,98.9109115600586,93.82782897949218,0
11578940,14481820.0,19812960.0,17901560.0,21658080.0,93.58157958984376,97.973974609375,96.64364318847656,98.9109115600586,93.82782897949218,95.61361236572266,1
14481820,19812960.0,17901560.0,21658080.0,23807800.0,97.973974609375,96.64364318847656,98.9109115600586,93.82782897949218,95.61361236572266,101.68668670654296,1
19812960,17901560.0,21658080.0,23807800.0,33984780.0,96.64364318847656,98.9109115600586,93.82782897949218,95.61361236572266,101.68668670654296,95.61361389160156,0
17901560,21658080.0,23807800.0,33984780.0,45400580.0,98.9109115600586,93.82782897949218,95.61361236572266,101.68668670654296,95.61361389160156,98.05605621337892,1
21658080,23807800.0,33984780.0,45400580.0,25775080.0,93.82782897949218,95.61361236572266,101.68668670654296,95.61361389160156,98.05605621337892,93.49249420166016,0
23807800,33984780.0,45400580.0,25775080.0,24057020.0,95.61361236572266,101.68668670654296,95.61361389160156,98.05605621337892,93.49249420166016,92.9199203491211,0
33984780,45400580.0,25775080.0,24057020.0,16965600.0,101.68668670654296,95.61361389160156,98.05605621337892,93.49249420166016,92.9199203491211,88.78678588867187,0
45400580,25775080.0,24057020.0,16965600.0,19046400.0,95.61361389160156,98.05605621337892,93.49249420166016,92.9199203491211,88.78678588867187,89.86886901855469,1
25775080,24057020.0,16965600.0,19046400.0,13311040.0,98.05605621337892,93.49249420166016,92.9199203491211,88.78678588867187,89.86886901855469,90.21021118164064,1
24057020,16965600.0,19046400.0,13311040.0,12755540.0,93.49249420166016,92.9199203491211,88.78678588867187,89.86886901855469,90.21021118164064,93.78178100585936,1
16965600,19046400.0,13311040.0,12755540.0,15160740.0,92.9199203491211,88.78678588867187,89.86886901855469,90.21021118164064,93.78178100585936,96.45845947265624,1
19046400,13311040.0,12755540.0,15160740.0,12209780.0,88.78678588867187,89.86886901855469,90.21021118164064,93.78178100585936,96.45845947265624,96.66566467285156,1
13311040,12755540.0,15160740.0,12209780.0,23880460.0,89.86886901855469,90.21021118164064,93.78178100585936,96.45845947265624,96.66566467285156,109.84184112548829,1
12755540,15160740.0,12209780.0,23880460.0,35670120.0,90.21021118164064,93.78178100585936,96.45845947265624,96.66566467285156,109.84184112548829,112.50850830078124,1
15160740,12209780.0,23880460.0,35670120.0,22501780.0,93.78178100585936,96.45845947265624,96.66566467285156,109.84184112548829,112.50850830078124,114.29929809570312,1
12209780,23880460.0,35670120.0,22501780.0,15613740.0,96.45845947265624,96.66566467285156,109.84184112548829,112.50850830078124,114.29929809570312,117.29329223632811,1
23880460,35670120.0,22501780.0,15613740.0,17156480.0,96.66566467285156,109.84184112548829,112.50850830078124,114.29929809570312,117.29329223632811,127.43443603515624,1
35670120,22501780.0,15613740.0,17156480.0,36043640.0,109.84184112548829,112.50850830078124,114.29929809570312,117.29329223632811,127.43443603515624,140.0830841064453,1
22501780,15613740.0,17156480.0,36043640.0,42505020.0,112.50850830078124,114.29929809570312,117.29329223632811,127.43443603515624,140.0830841064453,143.38638610839843,1
15613740,17156480.0,36043640.0,42505020.0,40634280.0,114.29929809570312,117.29329223632811,127.43443603515624,140.0830841064453,143.38638610839843,139.50350036621094,0
17156480,36043640.0,42505020.0,40634280.0,26643280.0,117.29329223632811,127.43443603515624,140.0830841064453,143.38638610839843,139.50350036621094,145.22522888183593,1
36043640,42505020.0,40634280.0,26643280.0,31352000.0,127.43443603515624,140.0830841064453,143.38638610839843,139.50350036621094,145.22522888183593,148.57057189941406,1
42505020,40634280.0,26643280.0,31352000.0,31752220.0,140.0830841064453,143.38638610839843,139.50350036621094,145.22522888183593,148.57057189941406,147.38238220214845,0
40634280,26643280.0,31352000.0,31752220.0,16788860.0,143.38638610839843,139.50350036621094,145.22522888183593,148.57057189941406,147.38238220214845,149.37537536621093,1
26643280,31352000.0,31752220.0,16788860.0,17029580.0,139.50350036621094,145.22522888183593,148.57057189941406,147.38238220214845,149.37537536621093,153.56256103515625,1
31352000,31752220.0,16788860.0,17029580.0,31874760.0,145.22522888183593,148.57057189941406,147.38238220214845,149.37537536621093,153.56256103515625,146.73573608398436,0
31752220,16788860.0,17029580.0,31874760.0,14779580.0,148.57057189941406,147.38238220214845,149.37537536621093,153.56256103515625,146.73573608398436,147.9299285888672,1
16788860,17029580.0,31874760.0,14779580.0,11539940.0,147.38238220214845,149.37537536621093,153.56256103515625,146.73573608398436,147.9299285888672,143.64564208984376,0
17029580,31874760.0,14779580.0,11539940.0,13959500.0,149.37537536621093,153.56256103515625,146.73573608398436,147.9299285888672,143.64564208984376,140.61561279296876,0
31874760,14779580.0,11539940.0,13959500.0,14074340.0,153.56256103515625,146.73573608398436,147.9299285888672,143.64564208984376,140.61561279296876,141.81881713867188,1
14779580,11539940.0,13959500.0,14074340.0,11368440.0,146.73573608398436,147.9299285888672,143.64564208984376,140.61561279296876,141.81881713867188,143.65165100097656,1
11539940,13959500.0,14074340.0,11368440.0,8077840.0,147.9299285888672,143.64564208984376,140.61561279296876,141.81881713867188,143.65165100097656,151.22823181152344,1
13959500,14074340.0,11368440.0,8077840.0,15660180.0,143.64564208984376,140.61561279296876,141.81881713867188,143.65165100097656,151.22823181152344,151.90390319824218,1
14074340,11368440.0,8077840.0,15660180.0,19754040.0,140.61561279296876,141.81881713867188,143.65165100097656,151.22823181152344,151.90390319824218,156.8418426513672,1
11368440,8077840.0,15660180.0,19754040.0,19331560.0,141.81881713867188,143.65165100097656,151.22823181152344,151.90390319824218,156.8418426513672,156.33233032226562,0
8077840,15660180.0,19754040.0,19331560.0,16410360.0,143.65165100097656,151.22823181152344,151.90390319824218,156.8418426513672,156.33233032226562,155.47547607421876,0
15660180,19754040.0,19331560.0,16410360.0,14868000.0,151.22823181152344,151.90390319824218,156.8418426513672,156.33233032226562,155.47547607421876,150.43343200683594,0
19754040,19331560.0,16410360.0,14868000.0,17197720.0,151.90390319824218,156.8418426513672,156.33233032226562,155.47547607421876,150.43343200683594,164.9009002685547,1
19331560,16410360.0,14868000.0,17197720.0,24025820.0,156.8418426513672,156.33233032226562,155.47547607421876,150.43343200683594,164.9009002685547,182.00100402832032,1
16410360,14868000.0,17197720.0,24025820.0,20237440.0,156.33233032226562,155.47547607421876,150.43343200683594,164.9009002685547,182.00100402832032,194.2932922363281,1
14868000,17197720.0,24025820.0,20237440.0,17713320.0,155.47547607421876,150.43343200683594,164.9009002685547,182.00100402832032,194.2932922363281,195.23724060058595,1
17197720,24025820.0,20237440.0,17713320.0,17219620.0,150.43343200683594,164.9009002685547,182.00100402832032,194.2932922363281,195.23724060058595,202.9669677734375,1
24025820,20237440.0,17713320.0,17219620.0,17927660.0,164.9009002685547,182.00100402832032,194.2932922363281,195.23724060058595,202.9669677734375,208.5495483398437,1
20237440,17713320.0,17219620.0,17927660.0,25185120.0,182.00100402832032,194.2932922363281,195.23724060058595,202.9669677734375,208.5495483398437,204.8448455810547,0
17713320,17219620.0,17927660.0,25185120.0,21725820.0,194.2932922363281,195.23724060058595,202.9669677734375,208.5495483398437,204.8448455810547,207.0980987548828,1
17219620,17927660.0,25185120.0,21725820.0,15303700.0,195.23724060058595,202.9669677734375,208.5495483398437,204.8448455810547,207.0980987548828,213.55054626464843,1
17927660,25185120.0,21725820.0,15303700.0,26221600.0,202.9669677734375,208.5495483398437,204.8448455810547,207.0980987548828,213.55054626464843,213.65865783691407,1
25185120,21725820.0,15303700.0,26221600.0,13150080.0,208.5495483398437,204.8448455810547,207.0980987548828,213.55054626464843,213.65865783691407,221.44444580078124,1
21725820,15303700.0,26221600.0,13150080.0,25798080.0,204.8448455810547,207.0980987548828,213.55054626464843,213.65865783691407,221.44444580078124,234.0510498046875,1
15303700,26221600.0,13150080.0,25798080.0,19451800.0,207.0980987548828,213.55054626464843,213.65865783691407,221.44444580078124,234.0510498046875,217.7607604980469,0
26221600,13150080.0,25798080.0,19451800.0,42817660.0,213.55054626464843,213.65865783691407,221.44444580078124,234.0510498046875,217.7607604980469,217.27828063964844,0
13150080,25798080.0,19451800.0,42817660.0,25642920.0,213.65865783691407,221.44444580078124,234.0510498046875,217.7607604980469,217.27828063964844,199.91291198730468,0
25798080,19451800.0,42817660.0,25642920.0,35252020.0,221.44444580078124,234.0510498046875,217.7607604980469,217.27828063964844,199.91291198730468,180.58858947753907,0
19451800,42817660.0,25642920.0,35252020.0,33681420.0,234.0510498046875,217.7607604980469,217.27828063964844,199.91291198730468,180.58858947753907,178.92892761230468,0
42817660,25642920.0,35252020.0,33681420.0,28740260.0,217.7607604980469,217.27828063964844,199.91291198730468,180.58858947753907,178.92892761230468,187.58358459472657,1
25642920,35252020.0,33681420.0,28740260.0,30034640.0,217.27828063964844,199.91291198730468,180.58858947753907,178.92892761230468,187.58358459472657,185.38338317871091,0
35252020,33681420.0,28740260.0,30034640.0,24644080.0,199.91291198730468,180.58858947753907,178.92892761230468,187.58358459472657,185.38338317871091,172.43243103027345,0
33681420,28740260.0,30034640.0,24644080.0,30799000.0,180.58858947753907,178.92892761230468,187.58358459472657,185.38338317871091,172.43243103027345,171.2882873535156,0
28740260,30034640.0,24644080.0,30799000.0,20609660.0,178.92892761230468,187.58358459472657,185.38338317871091,172.43243103027345,171.2882873535156,179.65965881347657,1
30034640,24644080.0,30799000.0,20609660.0,18453820.0,187.58358459472657,185.38338317871091,172.43243103027345,171.2882873535156,179.65965881347657,196.94294128417968,1
24644080,30799000.0,20609660.0,18453820.0,37601900.0,185.38338317871091,172.43243103027345,171.2882873535156,179.65965881347657,196.94294128417968,205.34234008789065,1
30799000,20609660.0,18453820.0,37601900.0,19765040.0,172.43243103027345,171.2882873535156,179.65965881347657,196.94294128417968,205.34234008789065,203.47047119140623,0
20609660,18453820.0,37601900.0,19765040.0,14285120.0,171.2882873535156,179.65965881347657,196.94294128417968,205.34234008789065,203.47047119140623,214.7877868652344,1
18453820,37601900.0,19765040.0,14285120.0,24178140.0,179.65965881347657,196.94294128417968,205.34234008789065,203.47047119140623,214.7877868652344,202.7867858886719,0
37601900,19765040.0,14285120.0,24178140.0,18899780.0,196.94294128417968,205.34234008789065,203.47047119140623,214.7877868652344,202.7867858886719,199.7607604980469,0
19765040,14285120.0,24178140.0,18899780.0,12452840.0,205.34234008789065,203.47047119140623,214.7877868652344,202.7867858886719,199.7607604980469,188.50150146484376,0
14285120,24178140.0,18899780.0,12452840.0,17864260.0,203.47047119140623,214.7877868652344,202.7867858886719,199.7607604980469,188.50150146484376,187.066064453125,0
24178140,18899780.0,12452840.0,17864260.0,17731960.0,214.7877868652344,202.7867858886719,199.7607604980469,188.50150146484376,187.066064453125,189.26126098632807,1
18899780,12452840.0,17864260.0,17731960.0,12162540.0,202.7867858886719,199.7607604980469,188.50150146484376,187.066064453125,189.26126098632807,192.56056213378903,1
12452840,17864260.0,17731960.0,12162540.0,16573540.0,199.7607604980469,188.50150146484376,187.066064453125,189.26126098632807,192.56056213378903,193.1951995849609,1
17864260,17731960.0,12162540.0,16573540.0,13343940.0,188.50150146484376,187.066064453125,189.26126098632807,192.56056213378903,193.1951995849609,197.006005859375,1
17731960,12162540.0,16573540.0,13343940.0,12640860.0,187.066064453125,189.26126098632807,192.56056213378903,193.1951995849609,197.006005859375,203.7357360839844,1
12162540,16573540.0,13343940.0,12640860.0,9327300.0,189.26126098632807,192.56056213378903,193.1951995849609,197.006005859375,203.7357360839844,210.9739776611328,1
16573540,13343940.0,12640860.0,9327300.0,9242420.0,192.56056213378903,193.1951995849609,197.006005859375,203.7357360839844,210.9739776611328,207.44143981933595,0
13343940,12640860.0,9327300.0,9242420.0,11904420.0,193.1951995849609,197.006005859375,203.7357360839844,210.9739776611328,207.44143981933595,198.91591796875,0
12640860,9327300.0,9242420.0,11904420.0,18845280.0,197.006005859375,203.7357360839844,210.9739776611328,207.44143981933595,198.91591796875,193.8218231201172,0
9327300,9242420.0,11904420.0,18845280.0,11629840.0,203.7357360839844,210.9739776611328,207.44143981933595,198.91591796875,193.8218231201172,188.0460479736328,0
9242420,11904420.0,18845280.0,11629840.0,11419940.0,210.9739776611328,207.44143981933595,198.91591796875,193.8218231201172,188.0460479736328,188.0470489501953,1
11904420,18845280.0,11629840.0,11419940.0,8802940.0,207.44143981933595,198.91591796875,193.8218231201172,188.0460479736328,188.0470489501953,190.91891784667968,1
18845280,11629840.0,11419940.0,8802940.0,11009760.0,198.91591796875,193.8218231201172,188.0460479736328,188.0470489501953,190.91891784667968,187.78878784179688,0
11629840,11419940.0,8802940.0,11009760.0,7104400.0,193.8218231201172,188.0460479736328,188.0470489501953,190.91891784667968,187.78878784179688,189.96796569824215,1
11419940,8802940.0,11009760.0,7104400.0,7313100.0,188.0460479736328,188.0470489501953,190.91891784667968,187.78878784179688,189.96796569824215,190.6836853027344,1
8802940,11009760.0,7104400.0,7313100.0,7693460.0,188.0470489501953,190.91891784667968,187.78878784179688,189.96796569824215,190.6836853027344,202.9049072265625,1
11009760,7104400.0,7313100.0,7693460.0,14194300.0,190.91891784667968,187.78878784179688,189.96796569824215,190.6836853027344,202.9049072265625,201.7437438964844,0
7104400,7313100.0,7693460.0,14194300.0,17790060.0,187.78878784179688,189.96796569824215,190.6836853027344,202.9049072265625,201.7437438964844,201.87287292480468,1
7313100,7693460.0,14194300.0,17790060.0,9285160.0,189.96796569824215,190.6836853027344,202.9049072265625,201.7437438964844,201.87287292480468,208.31331787109372,1
7693460,14194300.0,17790060.0,9285160.0,13121260.0,190.6836853027344,202.9049072265625,201.7437438964844,201.87287292480468,208.31331787109372,213.1771789550781,1
14194300,17790060.0,9285160.0,13121260.0,11272640.0,202.9049072265625,201.7437438964844,201.87287292480468,208.31331787109372,213.1771789550781,220.8668670654297,1
17790060,9285160.0,13121260.0,11272640.0,19773820.0,201.7437438964844,201.87287292480468,208.31331787109372,213.1771789550781,220.8668670654297,239.917919921875,1
9285160,13121260.0,11272640.0,19773820.0,15203320.0,201.87287292480468,208.31331787109372,213.1771789550781,220.8668670654297,239.917919921875,236.49148864746093,0
13121260,11272640.0,19773820.0,15203320.0,10728260.0,208.31331787109372,213.1771789550781,220.8668670654297,239.917919921875,236.49148864746093,237.7157104492188,1
11272640,19773820.0,15203320.0,10728260.0,9941980.0,213.1771789550781,220.8668670654297,239.917919921875,236.49148864746093,237.7157104492188,247.34434204101564,1
19773820,15203320.0,10728260.0,9941980.0,12516300.0,220.8668670654297,239.917919921875,236.49148864746093,237.7157104492188,247.34434204101564,249.9409393310547,1
15203320,10728260.0,9941980.0,12516300.0,11901320.0,239.917919921875,236.49148864746093,237.7157104492188,247.34434204101564,249.9409393310547,242.45345153808597,0
10728260,9941980.0,12516300.0,11901320.0,10600180.0,236.49148864746093,237.7157104492188,247.34434204101564,249.9409393310547,242.45345153808597,242.3593597412109,0
9941980,12516300.0,11901320.0,10600180.0,8205280.0,237.7157104492188,247.34434204101564,249.9409393310547,242.45345153808597,242.3593597412109,237.5215240478516,0
12516300,11901320.0,10600180.0,8205280.0,11670440.0,247.34434204101564,249.9409393310547,242.45345153808597,242.3593597412109,237.5215240478516,230.25425415039064,0
11901320,10600180.0,8205280.0,11670440.0,8637380.0,249.9409393310547,242.45345153808597,242.3593597412109,237.5215240478516,230.25425415039064,236.34434204101564,1
10600180,8205280.0,11670440.0,8637380.0,11245320.0,242.45345153808597,242.3593597412109,237.5215240478516,230.25425415039064,236.34434204101564,246.57257080078125,1
8205280,11670440.0,8637380.0,11245320.0,11103300.0,242.3593597412109,237.5215240478516,230.25425415039064,236.34434204101564,246.57257080078125,246.24424438476564,0
11670440,8637380.0,11245320.0,11103300.0,12220760.0,237.5215240478516,230.25425415039064,236.34434204101564,246.57257080078125,246.24424438476564,245.69769897460935,0
8637380,11245320.0,11103300.0,12220760.0,10935200.0,230.25425415039064,236.34434204101564,246.57257080078125,246.24424438476564,245.69769897460935,242.86586914062497,0
11245320,11103300.0,12220760.0,10935200.0,18197200.0,236.34434204101564,246.57257080078125,246.24424438476564,245.69769897460935,242.86586914062497,233.50350341796877,0
11103300,12220760.0,10935200.0,18197200.0,9642880.0,246.57257080078125,246.24424438476564,245.69769897460935,242.86586914062497,233.50350341796877,233.0870880126953,0
12220760,10935200.0,18197200.0,9642880.0,9609700.0,246.24424438476564,245.69769897460935,242.86586914062497,233.50350341796877,233.0870880126953,233.8368347167969,1
10935200,18197200.0,9642880.0,9609700.0,11408460.0,245.69769897460935,242.86586914062497,233.50350341796877,233.0870880126953,233.8368347167969,223.7097076416016,0
18197200,9642880.0,9609700.0,11408460.0,14861040.0,242.86586914062497,233.50350341796877,233.0870880126953,233.8368347167969,223.7097076416016,226.33633728027343,1
9642880,9609700.0,11408460.0,14861040.0,10676180.0,233.50350341796877,233.0870880126953,233.8368347167969,223.7097076416016,226.33633728027343,222.977978515625,0
9609700,11408460.0,14861040.0,10676180.0,10485220.0,233.0870880126953,233.8368347167969,223.7097076416016,226.33633728027343,222.977978515625,231.1351348876953,1
11408460,14861040.0,10676180.0,10485220.0,9607060.0,233.8368347167969,223.7097076416016,226.33633728027343,222.977978515625,231.1351348876953,231.44043884277343,1
14861040,10676180.0,10485220.0,9607060.0,8755440.0,223.7097076416016,226.33633728027343,222.977978515625,231.1351348876953,231.44043884277343,234.4114135742188,1
10676180,10485220.0,9607060.0,8755440.0,6532600.0,226.33633728027343,222.977978515625,231.1351348876953,231.44043884277343,234.4114135742188,235.9119110107422,1
10485220,9607060.0,8755440.0,6532600.0,7776640.0,222.977978515625,231.1351348876953,231.44043884277343,234.4114135742188,235.9119110107422,239.11211242675785,1
9607060,8755440.0,6532600.0,7776640.0,14588220.0,231.1351348876953,231.44043884277343,234.4114135742188,235.9119110107422,239.11211242675785,236.8718719482422,0
8755440,6532600.0,7776640.0,14588220.0,6958060.0,231.44043884277343,234.4114135742188,235.9119110107422,239.11211242675785,236.8718719482422,235.0030029296875,0
6532600,7776640.0,14588220.0,6958060.0,6936740.0,234.4114135742188,235.9119110107422,239.11211242675785,236.8718719482422,235.0030029296875,232.29229431152345,0
7776640,14588220.0,6958060.0,6936740.0,8462000.0,235.9119110107422,239.11211242675785,236.8718719482422,235.0030029296875,232.29229431152345,236.40740966796875,1
14588220,6958060.0,6936740.0,8462000.0,9356580.0,239.11211242675785,236.8718719482422,235.0030029296875,232.29229431152345,236.40740966796875,244.39139099121093,1
6958060,6936740.0,8462000.0,9356580.0,12351680.0,236.8718719482422,235.0030029296875,232.29229431152345,236.40740966796875,244.39139099121093,256.2182220458984,1
6936740,8462000.0,9356580.0,12351680.0,16329340.0,235.0030029296875,232.29229431152345,236.40740966796875,244.39139099121093,256.2182220458984,254.2222198486328,0
8462000,9356580.0,12351680.0,16329340.0,11620560.0,232.29229431152345,236.40740966796875,244.39139099121093,256.2182220458984,254.2222198486328,256.20420227050784,1
9356580,12351680.0,16329340.0,11620560.0,9635580.0,236.40740966796875,244.39139099121093,256.2182220458984,254.2222198486328,256.20420227050784,263.65965576171874,1
12351680,16329340.0,11620560.0,9635580.0,12431380.0,244.39139099121093,256.2182220458984,254.2222198486328,256.20420227050784,263.65965576171874,267.112109375,1
16329340,11620560.0,9635580.0,12431380.0,6765160.0,256.2182220458984,254.2222198486328,256.20420227050784,263.65965576171874,267.112109375,273.0590576171875,1
11620560,9635580.0,12431380.0,6765160.0,7821640.0,254.2222198486328,256.20420227050784,263.65965576171874,267.112109375,273.0590576171875,272.89288940429685,0
9635580,12431380.0,6765160.0,7821640.0,18344640.0,256.20420227050784,263.65965576171874,267.112109375,273.0590576171875,272.89288940429685,255.8718719482422,0
12431380,6765160.0,7821640.0,18344640.0,11934520.0,263.65965576171874,267.112109375,273.0590576171875,272.89288940429685,255.8718719482422,255.56156005859376,0
6765160,7821640.0,18344640.0,11934520.0,7589580.0,267.112109375,273.0590576171875,272.89288940429685,255.8718719482422,255.56156005859376,258.4864929199219,1
7821640,18344640.0,11934520.0,7589580.0,9073380.0,273.0590576171875,272.89288940429685,255.8718719482422,255.56156005859376,258.4864929199219,251.57256774902345,0
18344640,11934520.0,7589580.0,9073380.0,10528420.0,272.89288940429685,255.8718719482422,255.56156005859376,258.4864929199219,251.57256774902345,254.7016998291016,1
11934520,7589580.0,9073380.0,10528420.0,6037900.0,255.8718719482422,255.56156005859376,258.4864929199219,251.57256774902345,254.7016998291016,256.1751770019531,1
7589580,9073380.0,10528420.0,6037900.0,5505480.0,255.56156005859376,258.4864929199219,251.57256774902345,254.7016998291016,256.1751770019531,261.2912902832031,1
9073380,10528420.0,6037900.0,5505480.0,7001700.0,258.4864929199219,251.57256774902345,254.7016998291016,256.1751770019531,261.2912902832031,262.5435424804688,1
10528420,6037900.0,5505480.0,7001700.0,5012180.0,251.57256774902345,254.7016998291016,256.1751770019531,261.2912902832031,262.5435424804688,276.5835754394531,1
6037900,5505480.0,7001700.0,5012180.0,11419040.0,254.7016998291016,256.1751770019531,261.2912902832031,262.5435424804688,276.5835754394531,285.7337280273438,1
5505480,7001700.0,5012180.0,11419040.0,6187280.0,256.1751770019531,261.2912902832031,262.5435424804688,276.5835754394531,285.7337280273438,295.4064086914062,1
7001700,5012180.0,11419040.0,6187280.0,9602500.0,261.2912902832031,262.5435424804688,276.5835754394531,285.7337280273438,295.4064086914062,312.3193115234375,1
5012180,11419040.0,6187280.0,9602500.0,15872040.0,262.5435424804688,276.5835754394531,285.7337280273438,295.4064086914062,312.3193115234375,318.7747802734375,1
11419040,6187280.0,9602500.0,15872040.0,18700600.0,276.5835754394531,285.7337280273438,295.4064086914062,312.3193115234375,318.7747802734375,337.7307373046875,1
6187280,9602500.0,15872040.0,18700600.0,10554820.0,285.7337280273438,295.4064086914062,312.3193115234375,318.7747802734375,337.7307373046875,354.54254760742185,1
9602500,15872040.0,18700600.0,10554820.0,13997860.0,295.4064086914062,312.3193115234375,318.7747802734375,337.7307373046875,354.54254760742185,346.80780639648435,0
15872040,18700600.0,10554820.0,13997860.0,21912980.0,312.3193115234375,318.7747802734375,337.7307373046875,354.54254760742185,346.80780639648435,319.4554565429688,0
18700600,10554820.0,13997860.0,21912980.0,15215940.0,318.7747802734375,337.7307373046875,354.54254760742185,346.80780639648435,319.4554565429688,332.865869140625,1
10554820,13997860.0,21912980.0,15215940.0,14100800.0,337.7307373046875,354.54254760742185,346.80780639648435,319.4554565429688,332.865869140625,345.14013671875,1
13997860,21912980.0,15215940.0,14100800.0,12218480.0,354.54254760742185,346.80780639648435,319.4554565429688,332.865869140625,345.14013671875,354.9809814453125,1
21912980,15215940.0,14100800.0,12218480.0,9177140.0,346.80780639648435,319.4554565429688,332.865869140625,345.14013671875,354.9809814453125,342.9369384765625,0
15215940,14100800.0,12218480.0,9177140.0,10999380.0,319.4554565429688,332.865869140625,345.14013671875,354.9809814453125,342.9369384765625,347.8798828125,1
14100800,12218480.0,9177140.0,10999380.0,7346080.0,332.865869140625,345.14013671875,354.9809814453125,342.9369384765625,347.8798828125,346.8738708496094,0
12218480,9177140.0,10999380.0,7346080.0,6170080.0,345.14013671875,354.9809814453125,342.9369384765625,347.8798828125,346.8738708496094,324.1101135253906,0
9177140,10999380.0,7346080.0,6170080.0,12058360.0,354.9809814453125,342.9369384765625,347.8798828125,346.8738708496094,324.1101135253906,314.9609680175781,0
10999380,7346080.0,6170080.0,12058360.0,13494240.0,342.9369384765625,347.8798828125,346.8738708496094,324.1101135253906,314.9609680175781,287.6986999511719,0
7346080,6170080.0,12058360.0,13494240.0,20528860.0,347.8798828125,346.8738708496094,324.1101135253906,314.9609680175781,287.6986999511719,273.7707763671875,0
6170080,12058360.0,13494240.0,20528860.0,20983380.0,346.8738708496094,324.1101135253906,314.9609680175781,287.6986999511719,273.7707763671875,252.8108123779297,0
12058360,13494240.0,20528860.0,20983380.0,18683080.0,324.1101135253906,314.9609680175781,287.6986999511719,273.7707763671875,252.8108123779297,263.8398376464844,1
13494240,20528860.0,20983380.0,18683080.0,12319540.0,314.9609680175781,287.6986999511719,273.7707763671875,252.8108123779297,263.8398376464844,251.7567626953125,0
20528860,20983380.0,18683080.0,12319540.0,13018540.0,287.6986999511719,273.7707763671875,252.8108123779297,263.8398376464844,251.7567626953125,234.29830017089844,0
20983380,18683080.0,12319540.0,13018540.0,22767560.0,273.7707763671875,252.8108123779297,263.8398376464844,251.7567626953125,234.29830017089844,217.41441650390624,0
18683080,12319540.0,13018540.0,22767560.0,17817240.0,252.8108123779297,263.8398376464844,251.7567626953125,234.29830017089844,217.41441650390624,218.30029907226563,1
12319540,13018540.0,22767560.0,17817240.0,15052080.0,263.8398376464844,251.7567626953125,234.29830017089844,217.41441650390624,218.30029907226563,221.8268280029297,1
13018540,22767560.0,17817240.0,15052080.0,14355460.0,251.7567626953125,234.29830017089844,217.41441650390624,218.30029907226563,221.8268280029297,224.877880859375,1
22767560,17817240.0,15052080.0,14355460.0,10379020.0,234.29830017089844,217.41441650390624,218.30029907226563,221.8268280029297,224.877880859375,233.88788757324215,1
17817240,15052080.0,14355460.0,10379020.0,11654360.0,217.41441650390624,218.30029907226563,221.8268280029297,224.877880859375,233.88788757324215,229.15115356445312,0
15052080,14355460.0,10379020.0,11654360.0,9474640.0,218.30029907226563,221.8268280029297,224.877880859375,233.88788757324215,229.15115356445312,253.93092651367184,1
14355460,10379020.0,11654360.0,9474640.0,21817120.0,221.8268280029297,224.877880859375,233.88788757324215,229.15115356445312,253.93092651367184,274.69269409179685,1
10379020,11654360.0,9474640.0,21817120.0,8621560.0,224.877880859375,233.88788757324215,229.15115356445312,253.93092651367184,274.69269409179685,293.2852844238281,1
11654360,9474640.0,21817120.0,8621560.0,12952940.0,233.88788757324215,229.15115356445312,253.93092651367184,274.69269409179685,293.2852844238281,290.60560302734376,0
9474640,21817120.0,8621560.0,12952940.0,10488720.0,229.15115356445312,253.93092651367184,274.69269409179685,293.2852844238281,290.60560302734376,289.6386413574219,0
21817120,8621560.0,12952940.0,10488720.0,8755460.0,253.93092651367184,274.69269409179685,293.2852844238281,290.60560302734376,289.6386413574219,277.5986022949219,0
8621560,12952940.0,10488720.0,8755460.0,9547100.0,274.69269409179685,293.2852844238281,290.60560302734376,289.6386413574219,277.5986022949219,288.62061767578126,1
12952940,10488720.0,8755460.0,9547100.0,7757340.0,293.2852844238281,290.60560302734376,289.6386413574219,277.5986022949219,288.62061767578126,281.3353332519531,0
10488720,8755460.0,9547100.0,7757340.0,8555300.0,290.60560302734376,289.6386413574219,277.5986022949219,288.62061767578126,281.3353332519531,283.194189453125,1
8755460,9547100.0,7757340.0,8555300.0,8816300.0,289.6386413574219,277.5986022949219,288.62061767578126,281.3353332519531,283.194189453125,274.7887878417969,0
9547100,7757340.0,8555300.0,8816300.0,9629080.0,277.5986022949219,288.62061767578126,281.3353332519531,283.194189453125,274.7887878417969,264.77277221679685,0
7757340,8555300.0,8816300.0,9629080.0,9612400.0,288.62061767578126,281.3353332519531,283.194189453125,274.7887878417969,264.77277221679685,272.02802734375,1
8555300,8816300.0,9629080.0,9612400.0,8021420.0,281.3353332519531,283.194189453125,274.7887878417969,264.77277221679685,272.02802734375,264.31932373046874,0
8816300,9629080.0,9612400.0,8021420.0,11591080.0,283.194189453125,274.7887878417969,264.77277221679685,272.02802734375,264.31932373046874,239.44644470214843,0
9629080,9612400.0,8021420.0,11591080.0,12116000.0,274.7887878417969,264.77277221679685,272.02802734375,264.31932373046874,239.44644470214843,241.1071075439453,1
9612400,8021420.0,11591080.0,12116000.0,6194580.0,264.77277221679685,272.02802734375,264.31932373046874,239.44644470214843,241.1071075439453,237.8548553466797,0
8021420,11591080.0,12116000.0,6194580.0,6085460.0,272.02802734375,264.31932373046874,239.44644470214843,241.1071075439453,237.8548553466797,250.64864501953124,1
11591080,12116000.0,6194580.0,6085460.0,6904400.0,264.31932373046874,239.44644470214843,241.1071075439453,237.8548553466797,250.64864501953124,247.29529724121093,0
12116000,6194580.0,6085460.0,6904400.0,6961920.0,239.44644470214843,241.1071075439453,237.8548553466797,250.64864501953124,247.29529724121093,239.25125122070312,0
6194580,6085460.0,6904400.0,6961920.0,6008540.0,241.1071075439453,237.8548553466797,250.64864501953124,247.29529724121093,239.25125122070312,228.9749786376953,0
6085460,6904400.0,6961920.0,6008540.0,9453340.0,237.8548553466797,250.64864501953124,247.29529724121093,239.25125122070312,228.9749786376953,212.63062744140623,0
6904400,6961920.0,6008540.0,9453340.0,13975440.0,250.64864501953124,247.29529724121093,239.25125122070312,228.9749786376953,212.63062744140623,218.1691711425781,1
6961920,6008540.0,9453340.0,13975440.0,16495600.0,247.29529724121093,239.25125122070312,228.9749786376953,212.63062744140623,218.1691711425781,216.73273010253905,0
6008540,9453340.0,13975440.0,16495600.0,9656800.0,239.25125122070312,228.9749786376953,212.63062744140623,218.1691711425781,216.73273010253905,197.26126403808595,0
9453340,13975440.0,16495600.0,9656800.0,13611060.0,228.9749786376953,212.63062744140623,218.1691711425781,216.73273010253905,197.26126403808595,171.80280151367188,0
13975440,16495600.0,9656800.0,13611060.0,21088520.0,212.63062744140623,218.1691711425781,216.73273010253905,197.26126403808595,171.80280151367188,181.0270263671875,1
16495600,9656800.0,13611060.0,21088520.0,21538640.0,218.1691711425781,216.73273010253905,197.26126403808595,171.80280151367188,181.0270263671875,179.1141143798828,0
9656800,13611060.0,21088520.0,21538640.0,13160080.0,216.73273010253905,197.26126403808595,171.80280151367188,181.0270263671875,179.1141143798828,177.7067077636719,0
13611060,21088520.0,21538640.0,13160080.0,15774100.0,197.26126403808595,171.80280151367188,181.0270263671875,179.1141143798828,177.7067077636719,171.9749725341797,0
21088520,21538640.0,13160080.0,15774100.0,13389360.0,171.80280151367188,181.0270263671875,179.1141143798828,177.7067077636719,171.9749725341797,154.48848571777344,0
21538640,13160080.0,15774100.0,13389360.0,20391380.0,181.0270263671875,179.1141143798828,177.7067077636719,171.9749725341797,154.48848571777344,140.1111083984375,0
13160080,15774100.0,13389360.0,20391380.0,17481840.0,179.1141143798828,177.7067077636719,171.9749725341797,154.48848571777344,140.1111083984375,139.19219360351562,0
15774100,13389360.0,20391380.0,17481840.0,14169420.0,177.7067077636719,171.9749725341797,154.48848571777344,140.1111083984375,139.19219360351562,141.63963928222657,1
13389360,20391380.0,17481840.0,14169420.0,12506080.0,171.9749725341797,154.48848571777344,140.1111083984375,139.19219360351562,141.63963928222657,154.2982971191406,1
20391380,17481840.0,14169420.0,12506080.0,12294100.0,154.48848571777344,140.1111083984375,139.19219360351562,141.63963928222657,154.2982971191406,155.96395874023438,1
17481840,14169420.0,12506080.0,12294100.0,10846280.0,140.1111083984375,139.19219360351562,141.63963928222657,154.2982971191406,155.96395874023438,150.33634033203126,0
14169420,12506080.0,12294100.0,10846280.0,6075340.0,139.19219360351562,141.63963928222657,154.2982971191406,155.96395874023438,150.33634033203126,161.47047119140626,1
12506080,12294100.0,10846280.0,6075340.0,8913440.0,141.63963928222657,154.2982971191406,155.96395874023438,150.33634033203126,161.47047119140626,156.9809783935547,0
12294100,10846280.0,6075340.0,8913440.0,8449840.0,154.2982971191406,155.96395874023438,150.33634033203126,161.47047119140626,156.9809783935547,149.2482452392578,0
10846280,6075340.0,8913440.0,8449840.0,11747640.0,155.96395874023438,150.33634033203126,161.47047119140626,156.9809783935547,149.2482452392578,167.37136840820312,1
6075340,8913440.0,8449840.0,11747640.0,14084260.0,150.33634033203126,161.47047119140626,156.9809783935547,149.2482452392578,167.37136840820312,171.79880065917968,1
8913440,8449840.0,11747640.0,14084260.0,12194600.0,161.47047119140626,156.9809783935547,149.2482452392578,167.37136840820312,171.79880065917968,183.1481475830078,1
8449840,11747640.0,14084260.0,12194600.0,11948380.0,156.9809783935547,149.2482452392578,167.37136840820312,171.79880065917968,183.1481475830078,174.4284240722656,0
11747640,14084260.0,12194600.0,11948380.0,10812100.0,149.2482452392578,167.37136840820312,171.79880065917968,183.1481475830078,174.4284240722656,169.40140380859376,0
14084260,12194600.0,11948380.0,10812100.0,11501120.0,167.37136840820312,171.79880065917968,183.1481475830078,174.4284240722656,169.40140380859376,158.73573608398436,0
12194600,11948380.0,10812100.0,11501120.0,13544720.0,171.79880065917968,183.1481475830078,174.4284240722656,169.40140380859376,158.73573608398436,156.64865112304688,0
11948380,10812100.0,11501120.0,13544720.0,11210960.0,183.1481475830078,174.4284240722656,169.40140380859376,158.73573608398436,156.64865112304688,164.98798828125,1
10812100,11501120.0,13544720.0,11210960.0,9398780.0,174.4284240722656,169.40140380859376,158.73573608398436,156.64865112304688,164.98798828125,174.25725708007812,1
11501120,13544720.0,11210960.0,9398780.0,8692800.0,169.40140380859376,158.73573608398436,156.64865112304688,164.98798828125,174.25725708007812,177.8898895263672,1
13544720,11210960.0,9398780.0,8692800.0,7323980.0,158.73573608398436,156.64865112304688,164.98798828125,174.25725708007812,177.8898895263672,184.1341339111328,1
11210960,9398780.0,8692800.0,7323980.0,6456800.0,156.64865112304688,164.98798828125,174.25725708007812,177.8898895263672,184.1341339111328,191.06005859375,1
9398780,8692800.0,7323980.0,6456800.0,13468120.0,164.98798828125,174.25725708007812,177.8898895263672,184.1341339111328,191.06005859375,192.73873596191407,1
8692800,7323980.0,6456800.0,13468120.0,6186640.0,174.25725708007812,177.8898895263672,184.1341339111328,191.06005859375,192.73873596191407,196.87887573242188,1
7323980,6456800.0,13468120.0,6186640.0,6609320.0,177.8898895263672,184.1341339111328,191.06005859375,192.73873596191407,196.87887573242188,202.0400421142578,1
6456800,13468120.0,6186640.0,6609320.0,5777320.0,184.1341339111328,191.06005859375,192.73873596191407,196.87887573242188,202.0400421142578,196.48548583984376,0
13468120,6186640.0,6609320.0,5777320.0,6365980.0,191.06005859375,192.73873596191407,196.87887573242188,202.0400421142578,196.48548583984376,199.24124145507807,1
6186640,6609320.0,5777320.0,6365980.0,5060640.0,192.73873596191407,196.87887573242188,202.0400421142578,196.48548583984376,199.24124145507807,209.0240264892578,1
6609320,5777320.0,6365980.0,5060640.0,5713160.0,196.87887573242188,202.0400421142578,196.48548583984376,199.24124145507807,209.0240264892578,219.28328552246091,1
5777320,6365980.0,5060640.0,5713160.0,6875200.0,202.0400421142578,196.48548583984376,199.24124145507807,209.0240264892578,219.28328552246091,212.1331329345703,0
6365980,5060640.0,5713160.0,6875200.0,6365220.0,196.48548583984376,199.24124145507807,209.0240264892578,219.28328552246091,212.1331329345703,206.44043884277343,0
5060640,5713160.0,6875200.0,6365220.0,7136180.0,199.24124145507807,209.0240264892578,219.28328552246091,212.1331329345703,206.44043884277343,209.8208251953125,1
5713160,6875200.0,6365220.0,7136180.0,5403420.0,209.0240264892578,219.28328552246091,212.1331329345703,206.44043884277343,209.8208251953125,203.8248260498047,0
6875200,6365220.0,7136180.0,5403420.0,5511020.0,219.28328552246091,212.1331329345703,206.44043884277343,209.8208251953125,203.8248260498047,211.40640869140623,1
6365220,7136180.0,5403420.0,5511020.0,6761480.0,212.1331329345703,206.44043884277343,209.8208251953125,203.8248260498047,211.40640869140623,216.0770751953125,1
7136180,5403420.0,5511020.0,6761480.0,8837880.0,206.44043884277343,209.8208251953125,203.8248260498047,211.40640869140623,216.0770751953125,220.71571350097656,1
5403420,5511020.0,6761480.0,8837880.0,5645900.0,209.8208251953125,203.8248260498047,211.40640869140623,216.0770751953125,220.71571350097656,224.8018005371094,1
5511020,6761480.0,8837880.0,5645900.0,5347060.0,203.8248260498047,211.40640869140623,216.0770751953125,220.71571350097656,224.8018005371094,227.8868896484375,1
6761480,8837880.0,5645900.0,5347060.0,4175740.0,211.40640869140623,216.0770751953125,220.71571350097656,224.8018005371094,227.8868896484375,225.86786804199215,0
8837880,5645900.0,5347060.0,4175740.0,4354220.0,216.0770751953125,220.71571350097656,224.8018005371094,227.8868896484375,225.86786804199215,233.60860900878907,1
5645900,5347060.0,4175740.0,4354220.0,5730860.0,220.71571350097656,224.8018005371094,227.8868896484375,225.86786804199215,233.60860900878907,230.35535583496093,0
5347060,4175740.0,4354220.0,5730860.0,4047140.0,224.8018005371094,227.8868896484375,225.86786804199215,233.60860900878907,230.35535583496093,231.46646423339843,1
4175740,4354220.0,5730860.0,4047140.0,4208600.0,227.8868896484375,225.86786804199215,233.60860900878907,230.35535583496093,231.46646423339843,240.7217193603516,1
4354220,5730860.0,4047140.0,4208600.0,5332660.0,225.86786804199215,233.60860900878907,230.35535583496093,231.46646423339843,240.7217193603516,248.52352600097657,1
5730860,4047140.0,4208600.0,5332660.0,5463640.0,233.60860900878907,230.35535583496093,231.46646423339843,240.7217193603516,248.52352600097657,247.50650329589843,0
4047140,4208600.0,5332660.0,5463640.0,4772400.0,230.35535583496093,231.46646423339843,240.7217193603516,248.52352600097657,247.50650329589843,250.60660400390623,1
4208600,5332660.0,5463640.0,4772400.0,6655560.0,231.46646423339843,240.7217193603516,248.52352600097657,247.50650329589843,250.60660400390623,263.4264282226562,1
5332660,5463640.0,4772400.0,6655560.0,7375160.0,240.7217193603516,248.52352600097657,247.50650329589843,250.60660400390623,263.4264282226562,276.1611633300781,1
5463640,4772400.0,6655560.0,7375160.0,8835360.0,248.52352600097657,247.50650329589843,250.60660400390623,263.4264282226562,276.1611633300781,275.02903442382814,0
4772400,6655560.0,7375160.0,8835360.0,5462480.0,247.50650329589843,250.60660400390623,263.4264282226562,276.1611633300781,275.02903442382814,269.90791015625,0
6655560,7375160.0,8835360.0,5462480.0,5287140.0,250.60660400390623,263.4264282226562,276.1611633300781,275.02903442382814,269.90791015625,282.16015625,1
7375160,8835360.0,5462480.0,5287140.0,4360960.0,263.4264282226562,276.1611633300781,275.02903442382814,269.90791015625,282.16015625,287.8338317871094,1
8835360,5462480.0,5287140.0,4360960.0,3796280.0,276.1611633300781,275.02903442382814,269.90791015625,282.16015625,287.8338317871094,290.3803771972656,1
5462480,5287140.0,4360960.0,3796280.0,3598220.0,275.02903442382814,269.90791015625,282.16015625,287.8338317871094,290.3803771972656,293.4064025878906,1
5287140,4360960.0,3796280.0,3598220.0,3856440.0,269.90791015625,282.16015625,287.8338317871094,290.3803771972656,293.4064025878906,294.72772827148435,1
4360960,3796280.0,3598220.0,3856440.0,3328420.0,282.16015625,287.8338317871094,290.3803771972656,293.4064025878906,294.72772827148435,297.9969970703125,1
3796280,3598220.0,3856440.0,3328420.0,5264080.0,287.8338317871094,290.3803771972656,293.4064025878906,294.72772827148435,297.9969970703125,305.5885925292969,1
3598220,3856440.0,3328420.0,5264080.0,3628840.0,290.3803771972656,293.4064025878906,294.72772827148435,297.9969970703125,305.5885925292969,311.5965942382812,1
3856440,3328420.0,5264080.0,3628840.0,3624740.0,293.4064025878906,294.72772827148435,297.9969970703125,305.5885925292969,311.5965942382812,299.8968994140625,0
3328420,5264080.0,3628840.0,3624740.0,10862460.0,294.72772827148435,297.9969970703125,305.5885925292969,311.5965942382812,299.8968994140625,292.78978271484374,0
5264080,3628840.0,3624740.0,10862460.0,9485900.0,297.9969970703125,305.5885925292969,311.5965942382812,299.8968994140625,292.78978271484374,276.0270202636719,0
3628840,3624740.0,10862460.0,9485900.0,10328740.0,305.5885925292969,311.5965942382812,299.8968994140625,292.78978271484374,276.0270202636719,267.1861877441406,0
3624740,10862460.0,9485900.0,10328740.0,6679560.0,311.5965942382812,299.8968994140625,292.78978271484374,276.0270202636719,267.1861877441406,266.5095153808594,0
10862460,9485900.0,10328740.0,6679560.0,5882900.0,299.8968994140625,292.78978271484374,276.0270202636719,267.1861877441406,266.5095153808594,269.49449462890624,1
9485900,10328740.0,6679560.0,5882900.0,5079140.0,292.78978271484374,276.0270202636719,267.1861877441406,266.5095153808594,269.49449462890624,267.9209228515625,0
10328740,6679560.0,5882900.0,5079140.0,5277100.0,276.0270202636719,267.1861877441406,266.5095153808594,269.49449462890624,267.9209228515625,270.3163146972656,1
6679560,5882900.0,5079140.0,5277100.0,5960880.0,267.1861877441406,266.5095153808594,269.49449462890624,267.9209228515625,270.3163146972656,284.7317321777344,1
5882900,5079140.0,5277100.0,5960880.0,7737560.0,266.5095153808594,269.49449462890624,267.9209228515625,270.3163146972656,284.7317321777344,284.272265625,0
5079140,5277100.0,5960880.0,7737560.0,6368600.0,269.49449462890624,267.9209228515625,270.3163146972656,284.7317321777344,284.272265625,278.9499450683594,0
5277100,5960880.0,7737560.0,6368600.0,9908580.0,267.9209228515625,270.3163146972656,284.7317321777344,284.272265625,278.9499450683594,283.06005859375,1
5960880,7737560.0,6368600.0,9908580.0,5159620.0,270.3163146972656,284.7317321777344,284.272265625,278.9499450683594,283.06005859375,283.93193969726565,1
7737560,6368600.0,9908580.0,5159620.0,4214400.0,284.7317321777344,284.272265625,278.9499450683594,283.06005859375,283.93193969726565,289.68468017578124,1
6368600,9908580.0,5159620.0,4214400.0,11454340.0,284.272265625,278.9499450683594,283.06005859375,283.93193969726565,289.68468017578124,275.42442016601564,0
9908580,5159620.0,4214400.0,11454340.0,5847320.0,278.9499450683594,283.06005859375,283.93193969726565,289.68468017578124,275.42442016601564,265.0240234375,0
5159620,4214400.0,11454340.0,5847320.0,6838660.0,283.06005859375,283.93193969726565,289.68468017578124,275.42442016601564,265.0240234375,254.10810546875,0
4214400,11454340.0,5847320.0,6838660.0,9033060.0,283.93193969726565,289.68468017578124,275.42442016601564,265.0240234375,254.10810546875,255.70570678710936,1
11454340,5847320.0,6838660.0,9033060.0,7490120.0,289.68468017578124,275.42442016601564,265.0240234375,254.10810546875,255.70570678710936,245.02802734375,0
5847320,6838660.0,9033060.0,7490120.0,9458140.0,275.42442016601564,265.0240234375,254.10810546875,255.70570678710936,245.02802734375,240.8198211669922,0
6838660,9033060.0,7490120.0,9458140.0,6610340.0,265.0240234375,254.10810546875,255.70570678710936,245.02802734375,240.8198211669922,246.80480346679687,1
9033060,7490120.0,9458140.0,6610340.0,6557900.0,254.10810546875,255.70570678710936,245.02802734375,240.8198211669922,246.80480346679687,241.9919921875,0
7490120,9458140.0,6610340.0,6557900.0,4720880.0,255.70570678710936,245.02802734375,240.8198211669922,246.80480346679687,241.9919921875,249.0420379638672,1
9458140,6610340.0,6557900.0,4720880.0,5747240.0,245.02802734375,240.8198211669922,246.80480346679687,241.9919921875,249.0420379638672,239.0550537109375,0
6610340,6557900.0,4720880.0,5747240.0,4055860.0,240.8198211669922,246.80480346679687,241.9919921875,249.0420379638672,239.0550537109375,221.35335388183597,0
6557900,4720880.0,5747240.0,4055860.0,6039880.0,246.80480346679687,241.9919921875,249.0420379638672,239.0550537109375,221.35335388183597,234.16216430664065,1
4720880,5747240.0,4055860.0,6039880.0,6969300.0,241.9919921875,249.0420379638672,239.0550537109375,221.35335388183597,234.16216430664065,239.51351318359372,1
5747240,4055860.0,6039880.0,6969300.0,9752480.0,249.0420379638672,239.0550537109375,221.35335388183597,234.16216430664065,239.51351318359372,243.6406372070313,1
4055860,6039880.0,6969300.0,9752480.0,4850340.0,239.0550537109375,221.35335388183597,234.16216430664065,239.51351318359372,243.6406372070313,243.68668518066409,1
6039880,6969300.0,9752480.0,4850340.0,4386200.0,221.35335388183597,234.16216430664065,239.51351318359372,243.6406372070313,243.68668518066409,252.62262268066405,1
6969300,9752480.0,4850340.0,4386200.0,5393980.0,234.16216430664065,239.51351318359372,243.6406372070313,243.68668518066409,252.62262268066405,244.8658660888672,0
9752480,4850340.0,4386200.0,5393980.0,3819320.0,239.51351318359372,243.6406372070313,243.68668518066409,252.62262268066405,244.8658660888672,232.99299316406243,0
4850340,4386200.0,5393980.0,3819320.0,6504600.0,243.6406372070313,243.68668518066409,252.62262268066405,244.8658660888672,232.99299316406243,226.9409393310547,0
4386200,5393980.0,3819320.0,6504600.0,3939900.0,243.68668518066409,252.62262268066405,244.8658660888672,232.99299316406243,226.9409393310547,233.1121154785156,1
5393980,3819320.0,6504600.0,3939900.0,4621160.0,252.62262268066405,244.8658660888672,232.99299316406243,226.9409393310547,233.1121154785156,239.80580444335936,1
3819320,6504600.0,3939900.0,4621160.0,4501720.0,244.8658660888672,232.99299316406243,226.9409393310547,233.1121154785156,239.80580444335936,251.14615173339843,1
6504600,3939900.0,4621160.0,4501720.0,7599540.0,232.99299316406243,226.9409393310547,233.1121154785156,239.80580444335936,251.14615173339843,262.8668640136719,1
3939900,4621160.0,4501720.0,7599540.0,5837520.0,226.9409393310547,233.1121154785156,239.80580444335936,251.14615173339843,262.8668640136719,264.8989013671875,1
4621160,4501720.0,7599540.0,5837520.0,5466080.0,233.1121154785156,239.80580444335936,251.14615173339843,262.8668640136719,264.8989013671875,269.2582641601563,1
4501720,7599540.0,5837520.0,5466080.0,5870260.0,239.80580444335936,251.14615173339843,262.8668640136719,264.8989013671875,269.2582641601563,297.88788452148435,1
7599540,5837520.0,5466080.0,5870260.0,14653340.0,251.14615173339843,262.8668640136719,264.8989013671875,269.2582641601563,297.88788452148435,307.9169189453125,1
5837520,5466080.0,5870260.0,14653340.0,5230620.0,262.8668640136719,264.8989013671875,269.2582641601563,297.88788452148435,307.9169189453125,308.61461181640624,1
5466080,5870260.0,14653340.0,5230620.0,5165920.0,264.8989013671875,269.2582641601563,297.88788452148435,307.9169189453125,308.61461181640624,312.69468994140624,1
5870260,14653340.0,5230620.0,5165920.0,4863880.0,269.2582641601563,297.88788452148435,307.9169189453125,308.61461181640624,312.69468994140624,298.62062377929686,0
14653340,5230620.0,5165920.0,4863880.0,5947360.0,297.88788452148435,307.9169189453125,308.61461181640624,312.69468994140624,298.62062377929686,295.9549560546875,0
5230620,5165920.0,4863880.0,5947360.0,4648560.0,307.9169189453125,308.61461181640624,312.69468994140624,298.62062377929686,295.9549560546875,286.68568725585936,0
5165920,4863880.0,5947360.0,4648560.0,7028980.0,308.61461181640624,312.69468994140624,298.62062377929686,295.9549560546875,286.68568725585936,292.3463439941406,1
4863880,5947360.0,4648560.0,7028980.0,4552600.0,312.69468994140624,298.62062377929686,295.9549560546875,286.68568725585936,292.3463439941406,296.6716674804687,1
5947360,4648560.0,7028980.0,4552600.0,3800600.0,298.62062377929686,295.9549560546875,286.68568725585936,292.3463439941406,296.6716674804687,300.1651611328125,1
4648560,7028980.0,4552600.0,3800600.0,3699520.0,295.9549560546875,286.68568725585936,292.3463439941406,296.6716674804687,300.1651611328125,299.8128173828125,0
7028980,4552600.0,3800600.0,3699520.0,2325980.0,286.68568725585936,292.3463439941406,296.6716674804687,300.1651611328125,299.8128173828125,304.8528564453125,1
4552600,3800600.0,3699520.0,2325980.0,4347980.0,292.3463439941406,296.6716674804687,300.1651611328125,299.8128173828125,304.8528564453125,309.1051086425781,1
3800600,3699520.0,2325980.0,4347980.0,3336940.0,296.6716674804687,300.1651611328125,299.8128173828125,304.8528564453125,309.1051086425781,312.4184204101563,1
3699520,2325980.0,4347980.0,3336940.0,10394540.0,300.1651611328125,299.8128173828125,304.8528564453125,309.1051086425781,312.4184204101563,305.76076049804686,0
2325980,4347980.0,3336940.0,10394540.0,5890100.0,299.8128173828125,304.8528564453125,309.1051086425781,312.4184204101563,305.76076049804686,306.15215454101565,1
4347980,3336940.0,10394540.0,5890100.0,3736820.0,304.8528564453125,309.1051086425781,312.4184204101563,305.76076049804686,306.15215454101565,310.70771484375,1
3336940,10394540.0,5890100.0,3736820.0,4231620.0,309.1051086425781,312.4184204101563,305.76076049804686,306.15215454101565,310.70771484375,311.7036987304688,1
10394540,5890100.0,3736820.0,4231620.0,4840160.0,312.4184204101563,305.76076049804686,306.15215454101565,310.70771484375,311.7036987304688,304.7387451171875,0
5890100,3736820.0,4231620.0,4840160.0,5250060.0,305.76076049804686,306.15215454101565,310.70771484375,311.7036987304688,304.7387451171875,299.7937927246094,0
3736820,4231620.0,4840160.0,5250060.0,5087100.0,306.15215454101565,310.70771484375,311.7036987304688,304.7387451171875,299.7937927246094,289.122119140625,0
4231620,4840160.0,5250060.0,5087100.0,6047000.0,310.70771484375,311.7036987304688,304.7387451171875,299.7937927246094,289.122119140625,283.6176208496093,0
4840160,5250060.0,5087100.0,6047000.0,5955700.0,311.7036987304688,304.7387451171875,299.7937927246094,289.122119140625,283.6176208496093,290.8788757324219,1
5250060,5087100.0,6047000.0,5955700.0,4234300.0,304.7387451171875,299.7937927246094,289.122119140625,283.6176208496093,290.8788757324219,292.0090087890625,1
5087100,6047000.0,5955700.0,4234300.0,5661040.0,299.7937927246094,289.122119140625,283.6176208496093,290.8788757324219,292.0090087890625,288.3203125,0
6047000,5955700.0,4234300.0,5661040.0,4413680.0,289.122119140625,283.6176208496093,290.8788757324219,292.0090087890625,288.3203125,273.6596618652344,0
5955700,4234300.0,5661040.0,4413680.0,11705560.0,283.6176208496093,290.8788757324219,292.0090087890625,288.3203125,273.6596618652344,264.91090698242186,0
4234300,5661040.0,4413680.0,11705560.0,5178500.0,290.8788757324219,292.0090087890625,288.3203125,273.6596618652344,264.91090698242186,269.30030517578126,1
5661040,4413680.0,11705560.0,5178500.0,5019220.0,292.0090087890625,288.3203125,273.6596618652344,264.91090698242186,269.30030517578126,268.80479736328124,0
4413680,11705560.0,5178500.0,5019220.0,4149540.0,288.3203125,273.6596618652344,264.91090698242186,269.30030517578126,268.80479736328124,264.5935913085938,0
11705560,5178500.0,5019220.0,4149540.0,4704020.0,273.6596618652344,264.91090698242186,269.30030517578126,268.80479736328124,264.5935913085938,261.4214294433594,0
5178500,5019220.0,4149540.0,4704020.0,4110960.0,264.91090698242186,269.30030517578126,268.80479736328124,264.5935913085938,261.4214294433594,262.4334289550781,1
5019220,4149540.0,4704020.0,4110960.0,4680060.0,269.30030517578126,268.80479736328124,264.5935913085938,261.4214294433594,262.4334289550781,260.16716918945315,0
4149540,4704020.0,4110960.0,4680060.0,3572660.0,268.80479736328124,264.5935913085938,261.4214294433594,262.4334289550781,260.16716918945315,252.8458465576172,0
4704020,4110960.0,4680060.0,3572660.0,4810740.0,264.5935913085938,261.4214294433594,262.4334289550781,260.16716918945315,252.8458465576172,243.22622680664065,0
4110960,4680060.0,3572660.0,4810740.0,7291920.0,261.4214294433594,262.4334289550781,260.16716918945315,252.8458465576172,243.22622680664065,245.77377319335935,1
4680060,3572660.0,4810740.0,7291920.0,5888780.0,262.4334289550781,260.16716918945315,252.8458465576172,243.22622680664065,245.77377319335935,267.0090087890625,1
3572660,4810740.0,7291920.0,5888780.0,7547300.0,260.16716918945315,252.8458465576172,243.22622680664065,245.77377319335935,267.0090087890625,272.88388671875,1
4810740,7291920.0,5888780.0,7547300.0,11529360.0,252.8458465576172,243.22622680664065,245.77377319335935,267.0090087890625,272.88388671875,302.10810546875,1
7291920,5888780.0,7547300.0,11529360.0,6657800.0,243.22622680664065,245.77377319335935,267.0090087890625,272.88388671875,302.10810546875,306.6416442871094,1
5888780,7547300.0,11529360.0,6657800.0,6655180.0,245.77377319335935,267.0090087890625,272.88388671875,302.10810546875,306.6416442871094,295.985986328125,0
7547300,11529360.0,6657800.0,6655180.0,8725640.0,267.0090087890625,272.88388671875,302.10810546875,306.6416442871094,295.985986328125,279.713720703125,0
11529360,6657800.0,6655180.0,8725640.0,10917340.0,272.88388671875,302.10810546875,306.6416442871094,295.985986328125,279.713720703125,262.78077697753906,0
6657800,6655180.0,8725640.0,10917340.0,11933660.0,302.10810546875,306.6416442871094,295.985986328125,279.713720703125,262.78077697753906,258.9769805908203,0
6655180,8725640.0,10917340.0,11933660.0,7886680.0,306.6416442871094,295.985986328125,279.713720703125,262.78077697753906,258.9769805908203,268.07607421875,1
8725640,10917340.0,11933660.0,7886680.0,5128740.0,295.985986328125,279.713720703125,262.78077697753906,258.9769805908203,268.07607421875,264.8788757324219,0
10917340,11933660.0,7886680.0,5128740.0,5510940.0,279.713720703125,262.78077697753906,258.9769805908203,268.07607421875,264.8788757324219,270.02001953125,1
11933660,7886680.0,5128740.0,5510940.0,5599180.0,262.78077697753906,258.9769805908203,268.07607421875,264.8788757324219,270.02001953125,266.6556518554688,0
7886680,5128740.0,5510940.0,5599180.0,6035980.0,258.9769805908203,268.07607421875,264.8788757324219,270.02001953125,266.6556518554688,260.8848846435547,0
5128740,5510940.0,5599180.0,6035980.0,6145300.0,268.07607421875,264.8788757324219,270.02001953125,266.6556518554688,260.8848846435547,257.6176147460937,0
5510940,5599180.0,6035980.0,6145300.0,6911140.0,264.8788757324219,270.02001953125,266.6556518554688,260.8848846435547,257.6176147460937,282.7587585449219,1
5599180,6035980.0,6145300.0,6911140.0,9693000.0,270.02001953125,266.6556518554688,260.8848846435547,257.6176147460937,282.7587585449219,294.4734741210938,1
6035980,6145300.0,6911140.0,9693000.0,6764860.0,266.6556518554688,260.8848846435547,257.6176147460937,282.7587585449219,294.4734741210938,296.3883850097656,1
6145300,6911140.0,9693000.0,6764860.0,5698120.0,260.8848846435547,257.6176147460937,282.7587585449219,294.4734741210938,296.3883850097656,296.8408447265625,1
6911140,9693000.0,6764860.0,5698120.0,5637500.0,257.6176147460937,282.7587585449219,294.4734741210938,296.3883850097656,296.8408447265625,303.2752746582031,1
9693000,6764860.0,5698120.0,5637500.0,6703040.0,282.7587585449219,294.4734741210938,296.3883850097656,296.8408447265625,303.2752746582031,300.7727783203125,0
6764860,5698120.0,5637500.0,6703040.0,6020640.0,294.4734741210938,296.3883850097656,296.8408447265625,303.2752746582031,300.7727783203125,288.7117065429687,0
5698120,5637500.0,6703040.0,6020640.0,4377240.0,296.3883850097656,296.8408447265625,303.2752746582031,300.7727783203125,288.7117065429687,308.60260620117185,1
5637500,6703040.0,6020640.0,4377240.0,6644240.0,296.8408447265625,303.2752746582031,300.7727783203125,288.7117065429687,308.60260620117185,312.1001037597656,1
6703040,6020640.0,4377240.0,6644240.0,5453960.0,303.2752746582031,300.7727783203125,288.7117065429687,308.60260620117185,312.1001037597656,311.8888854980469,0
6020640,4377240.0,6644240.0,5453960.0,6115140.0,300.7727783203125,288.7117065429687,308.60260620117185,312.1001037597656,311.8888854980469,317.1781799316406,1
4377240,6644240.0,5453960.0,6115140.0,3799140.0,288.7117065429687,308.60260620117185,312.1001037597656,311.8888854980469,317.1781799316406,328.4284301757813,1
6644240,5453960.0,6115140.0,3799140.0,5267120.0,308.60260620117185,312.1001037597656,311.8888854980469,317.1781799316406,328.4284301757813,315.4374389648437,0
5453960,6115140.0,3799140.0,5267120.0,6867620.0,312.1001037597656,311.8888854980469,317.1781799316406,328.4284301757813,315.4374389648437,311.5155151367188,0
6115140,3799140.0,5267120.0,6867620.0,9534340.0,311.8888854980469,317.1781799316406,328.4284301757813,315.4374389648437,311.5155151367188,288.69068603515626,0
3799140,5267120.0,6867620.0,9534340.0,7312660.0,317.1781799316406,328.4284301757813,315.4374389648437,311.5155151367188,288.69068603515626,292.29929809570314,1
5267120,6867620.0,9534340.0,7312660.0,4945720.0,328.4284301757813,315.4374389648437,311.5155151367188,288.69068603515626,292.29929809570314,304.61261596679685,1
6867620,9534340.0,7312660.0,4945720.0,4874280.0,315.4374389648437,311.5155151367188,288.69068603515626,292.29929809570314,304.61261596679685,304.17216796875,0
9534340,7312660.0,4945720.0,4874280.0,4405900.0,311.5155151367188,288.69068603515626,292.29929809570314,304.61261596679685,304.17216796875,305.0310302734375,1
7312660,4945720.0,4874280.0,4405900.0,4096760.0,288.69068603515626,292.29929809570314,304.61261596679685,304.17216796875,305.0310302734375,309.76376953125,1
4945720,4874280.0,4405900.0,4096760.0,4550940.0,292.29929809570314,304.61261596679685,304.17216796875,305.0310302734375,309.76376953125,302.73272705078125,0
4874280,4405900.0,4096760.0,4550940.0,4045500.0,304.61261596679685,304.17216796875,305.0310302734375,309.76376953125,302.73272705078125,311.7037048339844,1
4405900,4096760.0,4550940.0,4045500.0,5131260.0,304.17216796875,305.0310302734375,309.76376953125,302.73272705078125,311.7037048339844,321.46546630859376,1
4096760,4550940.0,4045500.0,5131260.0,4067760.0,305.0310302734375,309.76376953125,302.73272705078125,311.7037048339844,321.46546630859376,324.25926513671874,1
4550940,4045500.0,5131260.0,4067760.0,4421640.0,309.76376953125,302.73272705078125,311.7037048339844,321.46546630859376,324.25926513671874,317.09609375,0
4045500,5131260.0,4067760.0,4421640.0,4258060.0,302.73272705078125,311.7037048339844,321.46546630859376,324.25926513671874,317.09609375,313.03403930664064,0
5131260,4067760.0,4421640.0,4258060.0,9922380.0,311.7037048339844,321.46546630859376,324.25926513671874,317.09609375,313.03403930664064,300.4684692382813,0
4067760,4421640.0,4258060.0,9922380.0,5254460.0,321.46546630859376,324.25926513671874,317.09609375,313.03403930664064,300.4684692382813,305.250244140625,1
4421640,4258060.0,9922380.0,5254460.0,3979800.0,324.25926513671874,317.09609375,313.03403930664064,300.4684692382813,305.250244140625,303.86286010742185,0
4258060,9922380.0,5254460.0,3979800.0,4139280.0,317.09609375,313.03403930664064,300.4684692382813,305.250244140625,303.86286010742185,304.6196228027344,1
9922380,5254460.0,3979800.0,4139280.0,3952240.0,313.03403930664064,300.4684692382813,305.250244140625,303.86286010742185,304.6196228027344,307.03603515625,1
5254460,3979800.0,4139280.0,3952240.0,8107700.0,300.4684692382813,305.250244140625,303.86286010742185,304.6196228027344,307.03603515625,299.0210266113281,0
3979800,4139280.0,3952240.0,8107700.0,5260160.0,305.250244140625,303.86286010742185,304.6196228027344,307.03603515625,299.0210266113281,288.42943115234374,0
4139280,3952240.0,8107700.0,5260160.0,5152640.0,303.86286010742185,304.6196228027344,307.03603515625,299.0210266113281,288.42943115234374,285.62262573242185,0
3952240,8107700.0,5260160.0,5152640.0,4398880.0,304.6196228027344,307.03603515625,299.0210266113281,288.42943115234374,285.62262573242185,285.63063354492186,1
8107700,5260160.0,5152640.0,4398880.0,4901420.0,307.03603515625,299.0210266113281,288.42943115234374,285.62262573242185,285.63063354492186,283.42042236328126,0
5260160,5152640.0,4398880.0,4901420.0,3541720.0,299.0210266113281,288.42943115234374,285.62262573242185,285.63063354492186,283.42042236328126,291.1511474609375,1
5152640,4398880.0,4901420.0,3541720.0,3848620.0,288.42943115234374,285.62262573242185,285.63063354492186,283.42042236328126,291.1511474609375,289.825830078125,0
4398880,4901420.0,3541720.0,3848620.0,4638940.0,285.62262573242185,285.63063354492186,283.42042236328126,291.1511474609375,289.825830078125,290.48948974609374,1
4901420,3541720.0,3848620.0,4638940.0,4532060.0,285.63063354492186,283.42042236328126,291.1511474609375,289.825830078125,290.48948974609374,305.83082885742186,1
3541720,3848620.0,4638940.0,4532060.0,6210920.0,283.42042236328126,291.1511474609375,289.825830078125,290.48948974609374,305.83082885742186,316.48247680664065,1
3848620,4638940.0,4532060.0,6210920.0,4565120.0,291.1511474609375,289.825830078125,290.48948974609374,305.83082885742186,316.48247680664065,321.2482421875,1
4638940,4532060.0,6210920.0,4565120.0,3218260.0,289.825830078125,290.48948974609374,305.83082885742186,316.48247680664065,321.2482421875,331.43943481445314,1
4532060,6210920.0,4565120.0,3218260.0,4991980.0,290.48948974609374,305.83082885742186,316.48247680664065,321.2482421875,331.43943481445314,337.9549499511719,1
6210920,4565120.0,3218260.0,4991980.0,3936560.0,305.83082885742186,316.48247680664065,321.2482421875,331.43943481445314,337.9549499511719,339.8188171386719,1
4565120,3218260.0,4991980.0,3936560.0,4282100.0,316.48247680664065,321.2482421875,331.43943481445314,337.9549499511719,339.8188171386719,345.58558959960936,1
3218260,4991980.0,3936560.0,4282100.0,4795720.0,321.2482421875,331.43943481445314,337.9549499511719,339.8188171386719,345.58558959960936,350.3063110351562,1
4991980,3936560.0,4282100.0,4795720.0,4936440.0,331.43943481445314,337.9549499511719,339.8188171386719,345.58558959960936,350.3063110351562,362.14915161132814,1
3936560,4282100.0,4795720.0,4936440.0,6369520.0,337.9549499511719,339.8188171386719,345.58558959960936,350.3063110351562,362.14915161132814,376.6766784667969,1
4282100,4795720.0,4936440.0,6369520.0,8795060.0,339.8188171386719,345.58558959960936,350.3063110351562,362.14915161132814,376.6766784667969,382.0790771484375,1
4795720,4936440.0,6369520.0,8795060.0,5337240.0,345.58558959960936,350.3063110351562,362.14915161132814,376.6766784667969,382.0790771484375,374.6466430664062,0
4936440,6369520.0,8795060.0,5337240.0,4711140.0,350.3063110351562,362.14915161132814,376.6766784667969,382.0790771484375,374.6466430664062,362.158154296875,0
6369520,8795060.0,5337240.0,4711140.0,12505360.0,362.14915161132814,376.6766784667969,382.0790771484375,374.6466430664062,362.158154296875,339.262255859375,0
8795060,5337240.0,4711140.0,12505360.0,5522640.0,376.6766784667969,382.0790771484375,374.6466430664062,362.158154296875,339.262255859375,342.3913818359375,1
5337240,4711140.0,12505360.0,5522640.0,3648380.0,382.0790771484375,374.6466430664062,362.158154296875,339.262255859375,342.3913818359375,331.070068359375,0
4711140,12505360.0,5522640.0,3648380.0,4372980.0,374.6466430664062,362.158154296875,339.262255859375,342.3913818359375,331.070068359375,328.84584350585936,0
12505360,5522640.0,3648380.0,4372980.0,4560360.0,362.158154296875,339.262255859375,342.3913818359375,331.070068359375,328.84584350585936,335.27227783203125,1
5522640,3648380.0,4372980.0,4560360.0,4311620.0,339.262255859375,342.3913818359375,331.070068359375,328.84584350585936,335.27227783203125,346.78278198242185,1
3648380,4372980.0,4560360.0,4311620.0,4789840.0,342.3913818359375,331.070068359375,328.84584350585936,335.27227783203125,346.78278198242185,345.86586303710936,0
4372980,4560360.0,4311620.0,4789840.0,3940760.0,331.070068359375,328.84584350585936,335.27227783203125,346.78278198242185,345.86586303710936,357.0190185546875,1
4560360,4311620.0,4789840.0,3940760.0,5408100.0,328.84584350585936,335.27227783203125,346.78278198242185,345.86586303710936,357.0190185546875,356.6216247558594,0
4311620,4789840.0,3940760.0,5408100.0,3537900.0,335.27227783203125,346.78278198242185,345.86586303710936,357.0190185546875,356.6216247558594,359.58758544921875,1
4789840,3940760.0,5408100.0,3537900.0,4404500.0,346.78278198242185,345.86586303710936,357.0190185546875,356.6216247558594,359.58758544921875,369.1331359863281,1
3940760,5408100.0,3537900.0,4404500.0,3387520.0,345.86586303710936,357.0190185546875,356.6216247558594,359.58758544921875,369.1331359863281,358.2782775878906,0
5408100,3537900.0,4404500.0,3387520.0,5695560.0,357.0190185546875,356.6216247558594,359.58758544921875,369.1331359863281,358.2782775878906,370.6686706542969,1
3537900,4404500.0,3387520.0,5695560.0,6768060.0,356.6216247558594,359.58758544921875,369.1331359863281,358.2782775878906,370.6686706542969,380.16217041015625,1
4404500,3387520.0,5695560.0,6768060.0,4755580.0,359.58758544921875,369.1331359863281,358.2782775878906,370.6686706542969,380.16217041015625,388.1531494140625,1
3387520,5695560.0,6768060.0,4755580.0,4785920.0,369.1331359863281,358.2782775878906,370.6686706542969,380.16217041015625,388.1531494140625,395.5075012207032,1
5695560,6768060.0,4755580.0,4785920.0,4177420.0,358.2782775878906,370.6686706542969,380.16217041015625,388.1531494140625,395.5075012207032,397.25725708007815,1
6768060,4755580.0,4785920.0,4177420.0,5127140.0,370.6686706542969,380.16217041015625,388.1531494140625,395.5075012207032,397.25725708007815,407.1341369628906,1
4755580,4785920.0,4177420.0,5127140.0,5309440.0,380.16217041015625,388.1531494140625,395.5075012207032,397.25725708007815,407.1341369628906,416.2092041015625,1
4785920,4177420.0,5127140.0,5309440.0,4571600.0,388.1531494140625,395.5075012207032,397.25725708007815,407.1341369628906,416.2092041015625,408.43442993164064,0
4177420,5127140.0,5309440.0,4571600.0,4127320.0,395.5075012207032,397.25725708007815,407.1341369628906,416.2092041015625,408.43442993164064,406.240234375,0
5127140,5309440.0,4571600.0,4127320.0,2930420.0,397.25725708007815,407.1341369628906,416.2092041015625,408.43442993164064,406.240234375,402.1301330566406,0
5309440,4571600.0,4127320.0,2930420.0,4011260.0,407.1341369628906,416.2092041015625,408.43442993164064,406.240234375,402.1301330566406,392.4724670410157,0
4571600,4127320.0,2930420.0,4011260.0,5134620.0,416.2092041015625,408.43442993164064,406.240234375,402.1301330566406,392.4724670410157,394.22421875,1
4127320,2930420.0,4011260.0,5134620.0,3955000.0,408.43442993164064,406.240234375,402.1301330566406,392.4724670410157,394.22421875,399.1231201171875,1
2930420,4011260.0,5134620.0,3955000.0,6445700.0,406.240234375,402.1301330566406,392.4724670410157,394.22421875,399.1231201171875,407.865869140625,1
4011260,5134620.0,3955000.0,6445700.0,4212680.0,402.1301330566406,392.4724670410157,394.22421875,399.1231201171875,407.865869140625,427.2012023925781,1
5134620,3955000.0,6445700.0,4212680.0,4435300.0,392.4724670410157,394.22421875,399.1231201171875,407.865869140625,427.2012023925781,443.6666625976562,1
3955000,6445700.0,4212680.0,4435300.0,4440320.0,394.22421875,399.1231201171875,407.865869140625,427.2012023925781,443.6666625976562,452.2492492675781,1
6445700,4212680.0,4435300.0,4440320.0,5121980.0,399.1231201171875,407.865869140625,427.2012023925781,443.6666625976562,452.2492492675781,438.0830871582031,0
4212680,4435300.0,4440320.0,5121980.0,4380960.0,407.865869140625,427.2012023925781,443.6666625976562,452.2492492675781,438.0830871582031,432.6616577148437,0
4435300,4440320.0,5121980.0,4380960.0,4395380.0,427.2012023925781,443.6666625976562,452.2492492675781,438.0830871582031,432.6616577148437,440.314306640625,1
4440320,5121980.0,4380960.0,4395380.0,4413400.0,443.6666625976562,452.2492492675781,438.0830871582031,432.6616577148437,440.314306640625,445.1781799316406,1
5121980,4380960.0,4395380.0,4413400.0,5133260.0,452.2492492675781,438.0830871582031,432.6616577148437,440.314306640625,445.1781799316406,437.2012023925781,0
4380960,4395380.0,4413400.0,5133260.0,5318740.0,438.0830871582031,432.6616577148437,440.314306640625,445.1781799316406,437.2012023925781,443.4914978027344,1
4395380,4413400.0,5133260.0,5318740.0,3482280.0,432.6616577148437,440.314306640625,445.1781799316406,437.2012023925781,443.4914978027344,456.4124084472657,1
4413400,5133260.0,5318740.0,3482280.0,4319500.0,440.314306640625,445.1781799316406,437.2012023925781,443.4914978027344,456.4124084472657,457.4704711914063,1
5133260,5318740.0,3482280.0,4319500.0,6570720.0,445.1781799316406,437.2012023925781,443.4914978027344,456.4124084472657,457.4704711914063,449.49449462890624,0
5318740,3482280.0,4319500.0,6570720.0,4717700.0,437.2012023925781,443.4914978027344,456.4124084472657,457.4704711914063,449.49449462890624,447.62061767578126,0
3482280,4319500.0,6570720.0,4717700.0,3865400.0,443.4914978027344,456.4124084472657,457.4704711914063,449.49449462890624,447.62061767578126,447.9769775390625,1
4319500,6570720.0,4717700.0,3865400.0,2799820.0,456.4124084472657,457.4704711914063,449.49449462890624,447.62061767578126,447.9769775390625,435.7497497558594,0
6570720,4717700.0,3865400.0,2799820.0,3365900.0,457.4704711914063,449.49449462890624,447.62061767578126,447.9769775390625,435.7497497558594,434.8668701171875,0
4717700,3865400.0,2799820.0,3365900.0,2696520.0,449.49449462890624,447.62061767578126,447.9769775390625,435.7497497558594,434.8668701171875,427.1691711425781,0
3865400,2799820.0,3365900.0,2696520.0,2979600.0,447.62061767578126,447.9769775390625,435.7497497558594,434.8668701171875,427.1691711425781,438.3583557128906,1
2799820,3365900.0,2696520.0,2979600.0,3267220.0,447.9769775390625,435.7497497558594,434.8668701171875,427.1691711425781,438.3583557128906,445.9209228515625,1
3365900,2696520.0,2979600.0,3267220.0,2659540.0,435.7497497558594,434.8668701171875,427.1691711425781,438.3583557128906,445.9209228515625,448.1911987304687,1
2696520,2979600.0,3267220.0,2659540.0,4361480.0,434.8668701171875,427.1691711425781,438.3583557128906,445.9209228515625,448.1911987304687,439.893896484375,0
2979600,3267220.0,2659540.0,4361480.0,2947760.0,427.1691711425781,438.3583557128906,445.9209228515625,448.1911987304687,439.893896484375,439.3563598632812,0
3267220,2659540.0,4361480.0,2947760.0,3176260.0,438.3583557128906,445.9209228515625,448.1911987304687,439.893896484375,439.3563598632812,433.0200256347656,0
2659540,4361480.0,2947760.0,3176260.0,3797260.0,445.9209228515625,448.1911987304687,439.893896484375,439.3563598632812,433.0200256347656,468.8228271484375,1
4361480,2947760.0,3176260.0,3797260.0,9211040.0,448.1911987304687,439.893896484375,439.3563598632812,433.0200256347656,468.8228271484375,509.9259094238281,1
2947760,3176260.0,3797260.0,9211040.0,4057120.0,439.893896484375,439.3563598632812,433.0200256347656,468.8228271484375,509.9259094238281,515.554541015625,1
3176260,3797260.0,9211040.0,4057120.0,2793640.0,439.3563598632812,433.0200256347656,468.8228271484375,509.9259094238281,515.554541015625,508.39240112304685,0
3797260,9211040.0,4057120.0,2793640.0,2468400.0,433.0200256347656,468.8228271484375,509.9259094238281,515.554541015625,508.39240112304685,514.9739807128906,1
9211040,4057120.0,2793640.0,2468400.0,2797220.0,468.8228271484375,509.9259094238281,515.554541015625,508.39240112304685,514.9739807128906,516.4564514160156,1
4057120,2793640.0,2468400.0,2797220.0,2419240.0,509.9259094238281,515.554541015625,508.39240112304685,514.9739807128906,516.4564514160156,529.4144165039063,1
2793640,2468400.0,2797220.0,2419240.0,3057700.0,515.554541015625,508.39240112304685,514.9739807128906,516.4564514160156,529.4144165039063,535.3543579101563,1
2468400,2797220.0,2419240.0,3057700.0,2833360.0,508.39240112304685,514.9739807128906,516.4564514160156,529.4144165039063,535.3543579101563,535.6236206054688,1
2797220,2419240.0,3057700.0,2833360.0,3439860.0,514.9739807128906,516.4564514160156,529.4144165039063,535.3543579101563,535.6236206054688,550.4033935546875,1
2419240,3057700.0,2833360.0,3439860.0,3833460.0,516.4564514160156,529.4144165039063,535.3543579101563,535.6236206054688,550.4033935546875,558.4734741210938,1
3057700,2833360.0,3439860.0,3833460.0,2926180.0,529.4144165039063,535.3543579101563,535.6236206054688,550.4033935546875,558.4734741210938,563.8288208007813,1
2833360,3439860.0,3833460.0,2926180.0,4122060.0,535.3543579101563,535.6236206054688,550.4033935546875,558.4734741210938,563.8288208007813,571.3113037109375,1
3439860,3833460.0,2926180.0,4122060.0,4267320.0,535.6236206054688,550.4033935546875,558.4734741210938,563.8288208007813,571.3113037109375,576.8948852539063,1
3833460,2926180.0,4122060.0,4267320.0,4832800.0,550.4033935546875,558.4734741210938,563.8288208007813,571.3113037109375,576.8948852539063,565.3173095703125,0
2926180,4122060.0,4267320.0,4832800.0,7832660.0,558.4734741210938,563.8288208007813,571.3113037109375,576.8948852539063,565.3173095703125,575.7947998046875,1
4122060,4267320.0,4832800.0,7832660.0,5737540.0,563.8288208007813,571.3113037109375,576.8948852539063,565.3173095703125,575.7947998046875,595.845849609375,1
4267320,4832800.0,7832660.0,5737540.0,3893500.0,571.3113037109375,576.8948852539063,565.3173095703125,575.7947998046875,595.845849609375,603.9669677734375,1
4832800,7832660.0,5737540.0,3893500.0,3776100.0,576.8948852539063,565.3173095703125,575.7947998046875,595.845849609375,603.9669677734375,608.38037109375,1
7832660,5737540.0,3893500.0,3776100.0,3636020.0,565.3173095703125,575.7947998046875,595.845849609375,603.9669677734375,608.38037109375,608.5225219726562,1
5737540,3893500.0,3776100.0,3636020.0,2677580.0,575.7947998046875,595.845849609375,603.9669677734375,608.38037109375,608.5225219726562,596.721728515625,0
3893500,3776100.0,3636020.0,2677580.0,4187320.0,595.845849609375,603.9669677734375,608.38037109375,608.5225219726562,596.721728515625,595.4594604492188,0
3776100,3636020.0,2677580.0,4187320.0,4538680.0,603.9669677734375,608.38037109375,608.5225219726562,596.721728515625,595.4594604492188,564.5275268554688,0
3636020,2677580.0,4187320.0,4538680.0,5200180.0,608.38037109375,608.5225219726562,596.721728515625,595.4594604492188,564.5275268554688,558.7022216796875,0
2677580,4187320.0,4538680.0,5200180.0,4373840.0,608.5225219726562,596.721728515625,595.4594604492188,564.5275268554688,558.7022216796875,550.8400024414062,0
4187320,4538680.0,5200180.0,4373840.0,3104900.0,596.721728515625,595.4594604492188,564.5275268554688,558.7022216796875,550.8400024414062,548.16201171875,0
4538680,5200180.0,4373840.0,3104900.0,3790180.0,595.4594604492188,564.5275268554688,558.7022216796875,550.8400024414062,548.16201171875,530.8719970703125,0
5200180,4373840.0,3104900.0,3790180.0,2536220.0,564.5275268554688,558.7022216796875,550.8400024414062,548.16201171875,530.8719970703125,533.0360107421875,1
4373840,3104900.0,3790180.0,2536220.0,1777400.0,558.7022216796875,550.8400024414062,548.16201171875,530.8719970703125,533.0360107421875,528.9519897460938,0
3104900,3790180.0,2536220.0,1777400.0,2349580.0,550.8400024414062,548.16201171875,530.8719970703125,533.0360107421875,528.9519897460938,534.2099975585937,1
3790180,2536220.0,1777400.0,2349580.0,1884660.0,548.16201171875,530.8719970703125,533.0360107421875,528.9519897460938,534.2099975585937,562.85400390625,1
2536220,1777400.0,2349580.0,1884660.0,2030860.0,530.8719970703125,533.0360107421875,528.9519897460938,534.2099975585937,562.85400390625,562.964013671875,1
1777400,2349580.0,1884660.0,2030860.0,1740740.0,533.0360107421875,528.9519897460938,534.2099975585937,562.85400390625,562.964013671875,567.497998046875,1
2349580,1884660.0,2030860.0,1740740.0,1535220.0,528.9519897460938,534.2099975585937,562.85400390625,562.964013671875,567.497998046875,556.685986328125,0
1884660,2030860.0,1740740.0,1535220.0,1681960.0,534.2099975585937,562.85400390625,562.964013671875,567.497998046875,556.685986328125,572.8539916992188,1
2030860,1740740.0,1535220.0,1681960.0,2493960.0,562.85400390625,562.964013671875,567.497998046875,556.685986328125,572.8539916992188,587.4800048828125,1
1740740,1535220.0,1681960.0,2493960.0,1670320.0,562.964013671875,567.497998046875,556.685986328125,572.8539916992188,587.4800048828125,585.1280029296875,0
1535220,1681960.0,2493960.0,1670320.0,1433960.0,567.497998046875,556.685986328125,572.8539916992188,587.4800048828125,585.1280029296875,589.0820068359375,1
1681960,2493960.0,1670320.0,1433960.0,1902620.0,556.685986328125,572.8539916992188,587.4800048828125,585.1280029296875,589.0820068359375,603.0640014648437,1
2493960,1670320.0,1433960.0,1902620.0,2290420.0,572.8539916992188,587.4800048828125,585.1280029296875,589.0820068359375,603.0640014648437,593.2080078125,0
1670320,1433960.0,1902620.0,2290420.0,1521860.0,587.4800048828125,585.1280029296875,589.0820068359375,603.0640014648437,593.2080078125,575.0619995117188,0
1433960,1902620.0,2290420.0,1521860.0,1572460.0,585.1280029296875,589.0820068359375,603.0640014648437,593.2080078125,575.0619995117188,579.30400390625,1
1902620,2290420.0,1521860.0,1572460.0,1452700.0,589.0820068359375,603.0640014648437,593.2080078125,575.0619995117188,579.30400390625,592.2699951171875,1
2290420,1521860.0,1572460.0,1452700.0,1266380.0,603.0640014648437,593.2080078125,575.0619995117188,579.30400390625,592.2699951171875,586.9099975585938,0
1521860,1572460.0,1452700.0,1266380.0,1282980.0,593.2080078125,575.0619995117188,579.30400390625,592.2699951171875,586.9099975585938,590.2860107421875,1
1572460,1452700.0,1266380.0,1282980.0,1559600.0,575.0619995117188,579.30400390625,592.2699951171875,586.9099975585938,590.2860107421875,592.6059936523437,1
1452700,1266380.0,1282980.0,1559600.0,1536680.0,579.30400390625,592.2699951171875,586.9099975585938,590.2860107421875,592.6059936523437,593.2760131835937,1
1266380,1282980.0,1559600.0,1536680.0,2106120.0,592.2699951171875,586.9099975585938,590.2860107421875,592.6059936523437,593.2760131835937,592.00400390625,0
1282980,1559600.0,1536680.0,2106120.0,1580800.0,586.9099975585938,590.2860107421875,592.6059936523437,593.2760131835937,592.00400390625,584.59599609375,0
1559600,1536680.0,2106120.0,1580800.0,1382740.0,590.2860107421875,592.6059936523437,593.2760131835937,592.00400390625,584.59599609375,574.3239990234375,0
1536680,2106120.0,1580800.0,1382740.0,2086020.0,592.6059936523437,593.2760131835937,592.00400390625,584.59599609375,574.3239990234375,538.8119873046875,0
2106120,1580800.0,1382740.0,2086020.0,3800640.0,593.2760131835937,592.00400390625,584.59599609375,574.3239990234375,538.8119873046875,543.1300170898437,1
1580800,1382740.0,2086020.0,3800640.0,2501620.0,592.00400390625,584.59599609375,574.3239990234375,538.8119873046875,543.1300170898437,559.0820068359375,1
1382740,2086020.0,3800640.0,2501620.0,1868340.0,584.59599609375,574.3239990234375,538.8119873046875,543.1300170898437,559.0820068359375,557.4840087890625,0
2086020,3800640.0,2501620.0,1868340.0,1562620.0,574.3239990234375,538.8119873046875,543.1300170898437,559.0820068359375,557.4840087890625,557.8799926757813,1
3800640,2501620.0,1868340.0,1562620.0,1286600.0,538.8119873046875,543.1300170898437,559.0820068359375,557.4840087890625,557.8799926757813,545.6000122070312,0
2501620,1868340.0,1562620.0,1286600.0,1855340.0,543.1300170898437,559.0820068359375,557.4840087890625,557.8799926757813,545.6000122070312,546.6339965820313,1
1868340,1562620.0,1286600.0,1855340.0,1648420.0,559.0820068359375,557.4840087890625,557.8799926757813,545.6000122070312,546.6339965820313,535.3900024414063,0
1562620,1286600.0,1855340.0,1648420.0,2325220.0,557.4840087890625,557.8799926757813,545.6000122070312,546.6339965820313,535.3900024414063,526.7219970703125,0
1286600,1855340.0,1648420.0,2325220.0,2306360.0,557.8799926757813,545.6000122070312,546.6339965820313,535.3900024414063,526.7219970703125,514.3139953613281,0
1855340,1648420.0,2325220.0,2306360.0,4011520.0,545.6000122070312,546.6339965820313,535.3900024414063,526.7219970703125,514.3139953613281,537.96201171875,1
1648420,2325220.0,2306360.0,4011520.0,1598400.0,546.6339965820313,535.3900024414063,526.7219970703125,514.3139953613281,537.96201171875,518.2919982910156,0
2325220,2306360.0,4011520.0,1598400.0,1936840.0,535.3900024414063,526.7219970703125,514.3139953613281,537.96201171875,518.2919982910156,502.4839965820312,0
2306360,4011520.0,1598400.0,1936840.0,2859500.0,526.7219970703125,514.3139953613281,537.96201171875,518.2919982910156,502.4839965820312,516.4200012207032,1
4011520,1598400.0,1936840.0,2859500.0,2499460.0,514.3139953613281,537.96201171875,518.2919982910156,502.4839965820312,516.4200012207032,525.1039916992188,1
1598400,1936840.0,2859500.0,2499460.0,2308860.0,537.96201171875,518.2919982910156,502.4839965820312,516.4200012207032,525.1039916992188,531.79599609375,1
1936840,2859500.0,2499460.0,2308860.0,3106200.0,518.2919982910156,502.4839965820312,516.4200012207032,525.1039916992188,531.79599609375,537.4660034179688,1
2859500,2499460.0,2308860.0,3106200.0,2075780.0,502.4839965820312,516.4200012207032,525.1039916992188,531.79599609375,537.4660034179688,545.4140014648438,1
2499460,2308860.0,3106200.0,2075780.0,1867880.0,516.4200012207032,525.1039916992188,531.79599609375,537.4660034179688,545.4140014648438,548.5800048828125,1
2308860,3106200.0,2075780.0,1867880.0,2245080.0,525.1039916992188,531.79599609375,537.4660034179688,545.4140014648438,548.5800048828125,577.2940063476562,1
3106200,2075780.0,1867880.0,2245080.0,2124060.0,531.79599609375,537.4660034179688,545.4140014648438,548.5800048828125,577.2940063476562,560.7619873046875,0
2075780,1867880.0,2245080.0,2124060.0,1751120.0,537.4660034179688,545.4140014648438,548.5800048828125,577.2940063476562,560.7619873046875,562.8059936523438,1
1867880,2245080.0,2124060.0,1751120.0,1700520.0,545.4140014648438,548.5800048828125,577.2940063476562,560.7619873046875,562.8059936523438,566.2199951171875,1
2245080,2124060.0,1751120.0,1700520.0,2468540.0,548.5800048828125,577.2940063476562,560.7619873046875,562.8059936523438,566.2199951171875,550.1180053710938,0
2124060,1751120.0,1700520.0,2468540.0,1801000.0,577.2940063476562,560.7619873046875,562.8059936523438,566.2199951171875,550.1180053710938,547.7800048828125,0
1751120,1700520.0,2468540.0,1801000.0,1435000.0,560.7619873046875,562.8059936523438,566.2199951171875,550.1180053710938,547.7800048828125,540.3220092773438,0
1700520,2468540.0,1801000.0,1435000.0,2136320.0,562.8059936523438,566.2199951171875,550.1180053710938,547.7800048828125,540.3220092773438,557.8679931640625,1
2468540,1801000.0,1435000.0,2136320.0,2793480.0,566.2199951171875,550.1180053710938,547.7800048828125,540.3220092773438,557.8679931640625,555.706005859375,0
1801000,1435000.0,2136320.0,2793480.0,1898720.0,550.1180053710938,547.7800048828125,540.3220092773438,557.8679931640625,555.706005859375,542.9780029296875,0
1435000,2136320.0,2793480.0,1898720.0,1494900.0,547.7800048828125,540.3220092773438,557.8679931640625,555.706005859375,542.9780029296875,544.1159912109375,1
2136320,2793480.0,1898720.0,1494900.0,1514020.0,540.3220092773438,557.8679931640625,555.706005859375,542.9780029296875,544.1159912109375,552.06201171875,1
2793480,1898720.0,1494900.0,1514020.0,1738760.0,557.8679931640625,555.706005859375,542.9780029296875,544.1159912109375,552.06201171875,551.3820068359375,0
1898720,1494900.0,1514020.0,1738760.0,1668860.0,555.706005859375,542.9780029296875,544.1159912109375,552.06201171875,551.3820068359375,548.4299926757812,0
1494900,1514020.0,1738760.0,1668860.0,1353240.0,542.9780029296875,544.1159912109375,552.06201171875,551.3820068359375,548.4299926757812,547.5959838867187,0
1514020,1738760.0,1668860.0,1353240.0,1413320.0,544.1159912109375,552.06201171875,551.3820068359375,548.4299926757812,547.5959838867187,556.6739990234375,1
1738760,1668860.0,1353240.0,1413320.0,1910700.0,552.06201171875,551.3820068359375,548.4299926757812,547.5959838867187,556.6739990234375,550.1739990234375,0
1668860,1353240.0,1413320.0,1910700.0,1715500.0,551.3820068359375,548.4299926757812,547.5959838867187,556.6739990234375,550.1739990234375,545.5980102539063,0
1353240,1413320.0,1910700.0,1715500.0,1457380.0,548.4299926757812,547.5959838867187,556.6739990234375,550.1739990234375,545.5980102539063,568.1260009765625,1
1413320,1910700.0,1715500.0,1457380.0,2312920.0,547.5959838867187,556.6739990234375,550.1739990234375,545.5980102539063,568.1260009765625,676.9380004882812,1
1910700,1715500.0,1457380.0,2312920.0,6309440.0,556.6739990234375,550.1739990234375,545.5980102539063,568.1260009765625,676.9380004882812,661.7719970703125,0
1715500,1457380.0,2312920.0,6309440.0,2883560.0,550.1739990234375,545.5980102539063,568.1260009765625,676.9380004882812,661.7719970703125,664.2699951171875,1
